index,label,gesture_name,n_frames_valid,detection_rate,npy_path
0,12,Zoom-out,37,0.9736842105263158,data/landmarks/train/00000_class12.npy
1,1,Point-2f,228,0.9956331877729258,data/landmarks/train/00001_class1.npy
2,5,Throw-down,23,0.9583333333333334,data/landmarks/train/00002_class5.npy
3,1,Point-2f,194,1.0,data/landmarks/train/00003_class1.npy
4,6,Throw-left,42,1.0,data/landmarks/train/00004_class6.npy
5,1,Point-2f,312,0.9968051118210862,data/landmarks/train/00005_class1.npy
6,4,Throw-up,42,1.0,data/landmarks/train/00006_class4.npy
7,0,Point-1f,223,1.0,data/landmarks/train/00007_class0.npy
8,3,Click-2f,24,0.96,data/landmarks/train/00008_class3.npy
9,0,Point-1f,248,0.992,data/landmarks/train/00009_class0.npy
10,9,DblClick-1f,34,0.9714285714285714,data/landmarks/train/00010_class9.npy
11,0,Point-1f,269,0.9853479853479854,data/landmarks/train/00011_class0.npy
12,7,Throw-right,40,0.975609756097561,data/landmarks/train/00012_class7.npy
13,1,Point-2f,208,0.9811320754716981,data/landmarks/train/00013_class1.npy
14,11,Zoom-in,43,1.0,data/landmarks/train/00014_class11.npy
15,1,Point-2f,148,1.0,data/landmarks/train/00015_class1.npy
16,10,DblClick-2f,31,0.8611111111111112,data/landmarks/train/00016_class10.npy
17,0,Point-1f,203,1.0,data/landmarks/train/00017_class0.npy
18,8,Open-twice,45,1.0,data/landmarks/train/00018_class8.npy
19,0,Point-1f,363,0.9864130434782609,data/landmarks/train/00019_class0.npy
20,2,Click-1f,31,1.0,data/landmarks/train/00020_class2.npy
21,11,Zoom-in,41,1.0,data/landmarks/train/00021_class11.npy
22,1,Point-2f,280,0.9929078014184397,data/landmarks/train/00022_class1.npy
23,12,Zoom-out,34,1.0,data/landmarks/train/00023_class12.npy
24,0,Point-1f,198,1.0,data/landmarks/train/00024_class0.npy
25,4,Throw-up,36,0.972972972972973,data/landmarks/train/00025_class4.npy
26,1,Point-2f,242,0.9918032786885246,data/landmarks/train/00026_class1.npy
27,10,DblClick-2f,39,0.9512195121951219,data/landmarks/train/00027_class10.npy
28,0,Point-1f,246,0.9919354838709677,data/landmarks/train/00028_class0.npy
29,9,DblClick-1f,59,1.0,data/landmarks/train/00029_class9.npy
30,1,Point-2f,333,0.9970059880239521,data/landmarks/train/00030_class1.npy
31,8,Open-twice,42,0.9767441860465116,data/landmarks/train/00031_class8.npy
32,1,Point-2f,277,0.992831541218638,data/landmarks/train/00032_class1.npy
33,3,Click-2f,29,0.9666666666666667,data/landmarks/train/00033_class3.npy
34,1,Point-2f,278,0.9893238434163701,data/landmarks/train/00034_class1.npy
35,5,Throw-down,54,0.9473684210526315,data/landmarks/train/00035_class5.npy
36,0,Point-1f,108,0.9908256880733946,data/landmarks/train/00036_class0.npy
37,2,Click-1f,33,1.0,data/landmarks/train/00037_class2.npy
38,0,Point-1f,217,1.0,data/landmarks/train/00038_class0.npy
39,7,Throw-right,52,0.9811320754716981,data/landmarks/train/00039_class7.npy
40,0,Point-1f,304,0.990228013029316,data/landmarks/train/00040_class0.npy
41,6,Throw-left,48,0.9795918367346939,data/landmarks/train/00041_class6.npy
42,8,Open-twice,50,0.9803921568627451,data/landmarks/train/00042_class8.npy
43,1,Point-2f,161,0.7740384615384616,data/landmarks/train/00043_class1.npy
44,9,DblClick-1f,52,1.0,data/landmarks/train/00044_class9.npy
45,0,Point-1f,205,1.0,data/landmarks/train/00045_class0.npy
46,6,Throw-left,27,1.0,data/landmarks/train/00046_class6.npy
47,1,Point-2f,199,0.8326359832635983,data/landmarks/train/00047_class1.npy
48,10,DblClick-2f,30,0.7692307692307693,data/landmarks/train/00048_class10.npy
49,1,Point-2f,189,0.7974683544303798,data/landmarks/train/00049_class1.npy
50,7,Throw-right,32,0.9411764705882353,data/landmarks/train/00050_class7.npy
51,0,Point-1f,328,0.841025641025641,data/landmarks/train/00051_class0.npy
52,4,Throw-up,35,1.0,data/landmarks/train/00052_class4.npy
53,0,Point-1f,153,0.7355769230769231,data/landmarks/train/00053_class0.npy
54,2,Click-1f,28,0.9333333333333333,data/landmarks/train/00054_class2.npy
55,1,Point-2f,148,0.783068783068783,data/landmarks/train/00055_class1.npy
56,11,Zoom-in,36,0.972972972972973,data/landmarks/train/00056_class11.npy
57,0,Point-1f,181,0.8578199052132701,data/landmarks/train/00057_class0.npy
58,5,Throw-down,35,0.9210526315789473,data/landmarks/train/00058_class5.npy
59,1,Point-2f,208,0.8851063829787233,data/landmarks/train/00059_class1.npy
60,12,Zoom-out,53,1.0,data/landmarks/train/00060_class12.npy
61,0,Point-1f,270,0.9540636042402827,data/landmarks/train/00061_class0.npy
62,3,Click-2f,27,0.9642857142857143,data/landmarks/train/00062_class3.npy
63,6,Throw-left,25,0.8928571428571429,data/landmarks/train/00063_class6.npy
64,0,Point-1f,281,1.0,data/landmarks/train/00064_class0.npy
65,12,Zoom-out,57,1.0,data/landmarks/train/00065_class12.npy
66,0,Point-1f,158,0.8186528497409327,data/landmarks/train/00066_class0.npy
67,3,Click-2f,29,0.8055555555555556,data/landmarks/train/00067_class3.npy
68,1,Point-2f,167,0.7990430622009569,data/landmarks/train/00068_class1.npy
69,5,Throw-down,26,0.8125,data/landmarks/train/00069_class5.npy
70,1,Point-2f,231,0.9705882352941176,data/landmarks/train/00070_class1.npy
71,4,Throw-up,27,0.9642857142857143,data/landmarks/train/00071_class4.npy
72,1,Point-2f,259,0.9847908745247148,data/landmarks/train/00072_class1.npy
73,2,Click-1f,33,0.868421052631579,data/landmarks/train/00073_class2.npy
74,0,Point-1f,319,0.9876160990712074,data/landmarks/train/00074_class0.npy
75,9,DblClick-1f,52,0.9629629629629629,data/landmarks/train/00075_class9.npy
76,1,Point-2f,356,0.967391304347826,data/landmarks/train/00076_class1.npy
77,8,Open-twice,51,0.9807692307692307,data/landmarks/train/00077_class8.npy
78,0,Point-1f,309,1.0,data/landmarks/train/00078_class0.npy
79,11,Zoom-in,40,1.0,data/landmarks/train/00079_class11.npy
80,0,Point-1f,192,0.9056603773584906,data/landmarks/train/00080_class0.npy
81,7,Throw-right,15,0.5769230769230769,data/landmarks/train/00081_class7.npy
82,1,Point-2f,192,0.964824120603015,data/landmarks/train/00082_class1.npy
83,10,DblClick-2f,35,0.813953488372093,data/landmarks/train/00083_class10.npy
84,2,Click-1f,41,0.9761904761904762,data/landmarks/train/00084_class2.npy
85,1,Point-2f,225,0.995575221238938,data/landmarks/train/00085_class1.npy
86,8,Open-twice,59,1.0,data/landmarks/train/00086_class8.npy
87,1,Point-2f,221,0.9822222222222222,data/landmarks/train/00087_class1.npy
88,12,Zoom-out,43,1.0,data/landmarks/train/00088_class12.npy
89,1,Point-2f,314,0.9968253968253968,data/landmarks/train/00089_class1.npy
90,5,Throw-down,43,1.0,data/landmarks/train/00090_class5.npy
91,0,Point-1f,227,1.0,data/landmarks/train/00091_class0.npy
92,9,DblClick-1f,47,1.0,data/landmarks/train/00092_class9.npy
93,0,Point-1f,346,1.0,data/landmarks/train/00093_class0.npy
94,10,DblClick-2f,58,0.9508196721311475,data/landmarks/train/00094_class10.npy
95,0,Point-1f,274,0.9963636363636363,data/landmarks/train/00095_class0.npy
96,7,Throw-right,67,1.0,data/landmarks/train/00096_class7.npy
97,0,Point-1f,232,1.0,data/landmarks/train/00097_class0.npy
98,3,Click-2f,36,1.0,data/landmarks/train/00098_class3.npy
99,0,Point-1f,217,1.0,data/landmarks/train/00099_class0.npy
100,4,Throw-up,47,1.0,data/landmarks/train/00100_class4.npy
101,1,Point-2f,183,1.0,data/landmarks/train/00101_class1.npy
102,11,Zoom-in,61,1.0,data/landmarks/train/00102_class11.npy
103,1,Point-2f,125,1.0,data/landmarks/train/00103_class1.npy
104,6,Throw-left,29,1.0,data/landmarks/train/00104_class6.npy
105,4,Throw-up,95,1.0,data/landmarks/train/00105_class4.npy
106,1,Point-2f,325,0.8879781420765027,data/landmarks/train/00106_class1.npy
107,3,Click-2f,74,1.0,data/landmarks/train/00107_class3.npy
108,0,Point-1f,207,0.8734177215189873,data/landmarks/train/00108_class0.npy
109,7,Throw-right,94,1.0,data/landmarks/train/00109_class7.npy
110,0,Point-1f,212,0.9464285714285714,data/landmarks/train/00110_class0.npy
111,6,Throw-left,89,1.0,data/landmarks/train/00111_class6.npy
112,0,Point-1f,160,0.8648648648648649,data/landmarks/train/00112_class0.npy
113,8,Open-twice,97,0.9897959183673469,data/landmarks/train/00113_class8.npy
114,1,Point-2f,196,0.8484848484848485,data/landmarks/train/00114_class1.npy
115,5,Throw-down,84,0.9882352941176471,data/landmarks/train/00115_class5.npy
116,1,Point-2f,223,0.7935943060498221,data/landmarks/train/00116_class1.npy
117,9,DblClick-1f,85,1.0,data/landmarks/train/00117_class9.npy
118,0,Point-1f,221,0.8246268656716418,data/landmarks/train/00118_class0.npy
119,2,Click-1f,32,0.9696969696969697,data/landmarks/train/00119_class2.npy
120,0,Point-1f,275,0.8233532934131736,data/landmarks/train/00120_class0.npy
121,11,Zoom-in,97,0.9897959183673469,data/landmarks/train/00121_class11.npy
122,1,Point-2f,183,0.8632075471698113,data/landmarks/train/00122_class1.npy
123,12,Zoom-out,104,1.0,data/landmarks/train/00123_class12.npy
124,1,Point-2f,288,0.9201277955271565,data/landmarks/train/00124_class1.npy
125,10,DblClick-2f,67,1.0,data/landmarks/train/00125_class10.npy
126,6,Throw-left,71,0.9861111111111112,data/landmarks/train/00126_class6.npy
127,1,Point-2f,211,0.985981308411215,data/landmarks/train/00127_class1.npy
128,3,Click-2f,45,1.0,data/landmarks/train/00128_class3.npy
129,0,Point-1f,238,1.0,data/landmarks/train/00129_class0.npy
130,11,Zoom-in,51,1.0,data/landmarks/train/00130_class11.npy
131,1,Point-2f,309,0.9747634069400631,data/landmarks/train/00131_class1.npy
132,9,DblClick-1f,45,1.0,data/landmarks/train/00132_class9.npy
133,1,Point-2f,270,1.0,data/landmarks/train/00133_class1.npy
134,2,Click-1f,18,1.0,data/landmarks/train/00134_class2.npy
135,0,Point-1f,307,1.0,data/landmarks/train/00135_class0.npy
136,7,Throw-right,43,1.0,data/landmarks/train/00136_class7.npy
137,0,Point-1f,220,1.0,data/landmarks/train/00137_class0.npy
138,4,Throw-up,66,1.0,data/landmarks/train/00138_class4.npy
139,0,Point-1f,192,1.0,data/landmarks/train/00139_class0.npy
140,8,Open-twice,72,1.0,data/landmarks/train/00140_class8.npy
141,1,Point-2f,257,1.0,data/landmarks/train/00141_class1.npy
142,5,Throw-down,56,0.9824561403508771,data/landmarks/train/00142_class5.npy
143,1,Point-2f,232,1.0,data/landmarks/train/00143_class1.npy
144,10,DblClick-2f,42,1.0,data/landmarks/train/00144_class10.npy
145,0,Point-1f,196,1.0,data/landmarks/train/00145_class0.npy
146,12,Zoom-out,42,1.0,data/landmarks/train/00146_class12.npy
147,1,Point-2f,29,0.9666666666666667,data/landmarks/train/00147_class1.npy
148,3,Click-2f,50,1.0,data/landmarks/train/00148_class3.npy
149,1,Point-2f,326,1.0,data/landmarks/train/00149_class1.npy
150,11,Zoom-in,50,1.0,data/landmarks/train/00150_class11.npy
151,0,Point-1f,273,0.9891304347826086,data/landmarks/train/00151_class0.npy
152,4,Throw-up,57,1.0,data/landmarks/train/00152_class4.npy
153,1,Point-2f,214,0.9771689497716894,data/landmarks/train/00153_class1.npy
154,5,Throw-down,56,1.0,data/landmarks/train/00154_class5.npy
155,0,Point-1f,215,1.0,data/landmarks/train/00155_class0.npy
156,10,DblClick-2f,62,1.0,data/landmarks/train/00156_class10.npy
157,0,Point-1f,262,0.9961977186311787,data/landmarks/train/00157_class0.npy
158,7,Throw-right,56,1.0,data/landmarks/train/00158_class7.npy
159,0,Point-1f,224,0.9955555555555555,data/landmarks/train/00159_class0.npy
160,8,Open-twice,52,1.0,data/landmarks/train/00160_class8.npy
161,0,Point-1f,275,1.0,data/landmarks/train/00161_class0.npy
162,12,Zoom-out,58,1.0,data/landmarks/train/00162_class12.npy
163,1,Point-2f,215,1.0,data/landmarks/train/00163_class1.npy
164,2,Click-1f,46,1.0,data/landmarks/train/00164_class2.npy
165,1,Point-2f,217,1.0,data/landmarks/train/00165_class1.npy
166,9,DblClick-1f,48,1.0,data/landmarks/train/00166_class9.npy
167,1,Point-2f,169,1.0,data/landmarks/train/00167_class1.npy
168,6,Throw-left,26,1.0,data/landmarks/train/00168_class6.npy
169,2,Click-1f,142,0.993006993006993,data/landmarks/train/00169_class2.npy
170,1,Point-2f,191,0.9794871794871794,data/landmarks/train/00170_class1.npy
171,10,DblClick-2f,80,0.975609756097561,data/landmarks/train/00171_class10.npy
172,1,Point-2f,180,0.9574468085106383,data/landmarks/train/00172_class1.npy
173,7,Throw-right,52,1.0,data/landmarks/train/00173_class7.npy
174,1,Point-2f,216,0.968609865470852,data/landmarks/train/00174_class1.npy
175,4,Throw-up,83,0.9880952380952381,data/landmarks/train/00175_class4.npy
176,1,Point-2f,180,0.9625668449197861,data/landmarks/train/00176_class1.npy
177,8,Open-twice,138,1.0,data/landmarks/train/00177_class8.npy
178,1,Point-2f,256,0.9696969696969697,data/landmarks/train/00178_class1.npy
179,9,DblClick-1f,182,0.9891304347826086,data/landmarks/train/00179_class9.npy
180,0,Point-1f,163,0.9367816091954023,data/landmarks/train/00180_class0.npy
181,6,Throw-left,155,0.9935897435897436,data/landmarks/train/00181_class6.npy
182,0,Point-1f,198,0.9611650485436893,data/landmarks/train/00182_class0.npy
183,5,Throw-down,98,1.0,data/landmarks/train/00183_class5.npy
184,0,Point-1f,178,0.978021978021978,data/landmarks/train/00184_class0.npy
185,12,Zoom-out,100,1.0,data/landmarks/train/00185_class12.npy
186,0,Point-1f,171,0.9606741573033708,data/landmarks/train/00186_class0.npy
187,11,Zoom-in,84,1.0,data/landmarks/train/00187_class11.npy
188,0,Point-1f,216,0.9642857142857143,data/landmarks/train/00188_class0.npy
189,3,Click-2f,117,0.9831932773109243,data/landmarks/train/00189_class3.npy
190,9,DblClick-1f,120,0.975609756097561,data/landmarks/train/00190_class9.npy
191,1,Point-2f,217,0.9774774774774775,data/landmarks/train/00191_class1.npy
192,12,Zoom-out,130,1.0,data/landmarks/train/00192_class12.npy
193,1,Point-2f,205,0.9669811320754716,data/landmarks/train/00193_class1.npy
194,5,Throw-down,103,0.9903846153846154,data/landmarks/train/00194_class5.npy
195,0,Point-1f,213,0.9726027397260274,data/landmarks/train/00195_class0.npy
196,4,Throw-up,122,0.9838709677419355,data/landmarks/train/00196_class4.npy
197,1,Point-2f,207,0.9583333333333334,data/landmarks/train/00197_class1.npy
198,8,Open-twice,140,1.0,data/landmarks/train/00198_class8.npy
199,0,Point-1f,213,0.9861111111111112,data/landmarks/train/00199_class0.npy
200,2,Click-1f,143,1.0,data/landmarks/train/00200_class2.npy
201,1,Point-2f,207,0.9495412844036697,data/landmarks/train/00201_class1.npy
202,3,Click-2f,102,0.9807692307692307,data/landmarks/train/00202_class3.npy
203,0,Point-1f,214,0.9953488372093023,data/landmarks/train/00203_class0.npy
204,11,Zoom-in,103,0.9903846153846154,data/landmarks/train/00204_class11.npy
205,0,Point-1f,224,0.986784140969163,data/landmarks/train/00205_class0.npy
206,6,Throw-left,127,1.0,data/landmarks/train/00206_class6.npy
207,0,Point-1f,229,0.9913419913419913,data/landmarks/train/00207_class0.npy
208,7,Throw-right,117,1.0,data/landmarks/train/00208_class7.npy
209,1,Point-2f,217,0.9434782608695652,data/landmarks/train/00209_class1.npy
210,10,DblClick-2f,55,0.9649122807017544,data/landmarks/train/00210_class10.npy
211,1,Point-2f,82,1.0,data/landmarks/train/00211_class1.npy
212,12,Zoom-out,115,1.0,data/landmarks/train/00212_class12.npy
213,0,Point-1f,195,0.9512195121951219,data/landmarks/train/00213_class0.npy
214,6,Throw-left,118,1.0,data/landmarks/train/00214_class6.npy
215,0,Point-1f,204,0.9577464788732394,data/landmarks/train/00215_class0.npy
216,3,Click-2f,143,0.9862068965517241,data/landmarks/train/00216_class3.npy
217,1,Point-2f,213,0.9424778761061947,data/landmarks/train/00217_class1.npy
218,8,Open-twice,137,0.9856115107913669,data/landmarks/train/00218_class8.npy
219,0,Point-1f,215,0.9429824561403509,data/landmarks/train/00219_class0.npy
220,9,DblClick-1f,137,0.958041958041958,data/landmarks/train/00220_class9.npy
221,1,Point-2f,219,0.9563318777292577,data/landmarks/train/00221_class1.npy
222,7,Throw-right,174,1.0,data/landmarks/train/00222_class7.npy
223,0,Point-1f,194,0.9509803921568627,data/landmarks/train/00223_class0.npy
224,5,Throw-down,83,0.9880952380952381,data/landmarks/train/00224_class5.npy
225,1,Point-2f,263,0.9887218045112782,data/landmarks/train/00225_class1.npy
226,10,DblClick-2f,151,1.0,data/landmarks/train/00226_class10.npy
227,1,Point-2f,197,0.9752475247524752,data/landmarks/train/00227_class1.npy
228,11,Zoom-in,139,1.0,data/landmarks/train/00228_class11.npy
229,0,Point-1f,191,0.9362745098039216,data/landmarks/train/00229_class0.npy
230,2,Click-1f,157,0.98125,data/landmarks/train/00230_class2.npy
231,1,Point-2f,175,0.9114583333333334,data/landmarks/train/00231_class1.npy
232,4,Throw-up,29,0.90625,data/landmarks/train/00232_class4.npy
233,5,Throw-down,113,0.9912280701754386,data/landmarks/train/00233_class5.npy
234,1,Point-2f,200,0.970873786407767,data/landmarks/train/00234_class1.npy
235,6,Throw-left,117,1.0,data/landmarks/train/00235_class6.npy
236,1,Point-2f,193,0.9796954314720813,data/landmarks/train/00236_class1.npy
237,10,DblClick-2f,126,0.984375,data/landmarks/train/00237_class10.npy
238,1,Point-2f,162,0.9204545454545454,data/landmarks/train/00238_class1.npy
239,11,Zoom-in,138,1.0,data/landmarks/train/00239_class11.npy
240,0,Point-1f,212,0.9464285714285714,data/landmarks/train/00240_class0.npy
241,3,Click-2f,128,0.9846153846153847,data/landmarks/train/00241_class3.npy
242,0,Point-1f,177,0.885,data/landmarks/train/00242_class0.npy
243,12,Zoom-out,139,1.0,data/landmarks/train/00243_class12.npy
244,0,Point-1f,192,0.927536231884058,data/landmarks/train/00244_class0.npy
245,8,Open-twice,130,1.0,data/landmarks/train/00245_class8.npy
246,1,Point-2f,174,0.93048128342246,data/landmarks/train/00246_class1.npy
247,4,Throw-up,110,0.9821428571428571,data/landmarks/train/00247_class4.npy
248,1,Point-2f,194,0.9651741293532339,data/landmarks/train/00248_class1.npy
249,2,Click-1f,35,0.9722222222222222,data/landmarks/train/00249_class2.npy
250,0,Point-1f,297,0.9519230769230769,data/landmarks/train/00250_class0.npy
251,7,Throw-right,169,1.0,data/landmarks/train/00251_class7.npy
252,0,Point-1f,193,0.965,data/landmarks/train/00252_class0.npy
253,9,DblClick-1f,52,0.9811320754716981,data/landmarks/train/00253_class9.npy
254,0,Point-1f,66,1.0,data/landmarks/train/00254_class0.npy
255,2,Click-1f,55,0.9821428571428571,data/landmarks/train/00255_class2.npy
256,1,Point-2f,167,0.9881656804733728,data/landmarks/train/00256_class1.npy
257,4,Throw-up,62,1.0,data/landmarks/train/00257_class4.npy
258,0,Point-1f,239,1.0,data/landmarks/train/00258_class0.npy
259,5,Throw-down,45,1.0,data/landmarks/train/00259_class5.npy
260,1,Point-2f,206,0.9035087719298246,data/landmarks/train/00260_class1.npy
261,11,Zoom-in,37,1.0,data/landmarks/train/00261_class11.npy
262,0,Point-1f,207,0.8884120171673819,data/landmarks/train/00262_class0.npy
263,8,Open-twice,44,1.0,data/landmarks/train/00263_class8.npy
264,1,Point-2f,189,0.8590909090909091,data/landmarks/train/00264_class1.npy
265,9,DblClick-1f,54,0.9818181818181818,data/landmarks/train/00265_class9.npy
266,0,Point-1f,229,0.89453125,data/landmarks/train/00266_class0.npy
267,12,Zoom-out,52,0.9811320754716981,data/landmarks/train/00267_class12.npy
268,1,Point-2f,211,0.8508064516129032,data/landmarks/train/00268_class1.npy
269,7,Throw-right,46,1.0,data/landmarks/train/00269_class7.npy
270,1,Point-2f,239,0.8786764705882353,data/landmarks/train/00270_class1.npy
271,10,DblClick-2f,70,1.0,data/landmarks/train/00271_class10.npy
272,0,Point-1f,126,1.0,data/landmarks/train/00272_class0.npy
273,3,Click-2f,42,1.0,data/landmarks/train/00273_class3.npy
274,0,Point-1f,111,0.9173553719008265,data/landmarks/train/00274_class0.npy
275,6,Throw-left,62,1.0,data/landmarks/train/00275_class6.npy
276,11,Zoom-in,50,0.9803921568627451,data/landmarks/train/00276_class11.npy
277,1,Point-2f,160,0.851063829787234,data/landmarks/train/00277_class1.npy
278,12,Zoom-out,50,1.0,data/landmarks/train/00278_class12.npy
279,1,Point-2f,223,0.8884462151394422,data/landmarks/train/00279_class1.npy
280,9,DblClick-1f,60,1.0,data/landmarks/train/00280_class9.npy
281,0,Point-1f,218,0.8755020080321285,data/landmarks/train/00281_class0.npy
282,7,Throw-right,35,0.9459459459459459,data/landmarks/train/00282_class7.npy
283,0,Point-1f,248,0.9185185185185185,data/landmarks/train/00283_class0.npy
284,6,Throw-left,28,1.0,data/landmarks/train/00284_class6.npy
285,0,Point-1f,273,0.9161073825503355,data/landmarks/train/00285_class0.npy
286,10,DblClick-2f,82,0.9111111111111111,data/landmarks/train/00286_class10.npy
287,1,Point-2f,120,0.7692307692307693,data/landmarks/train/00287_class1.npy
288,8,Open-twice,60,0.9836065573770492,data/landmarks/train/00288_class8.npy
289,1,Point-2f,189,0.8915094339622641,data/landmarks/train/00289_class1.npy
290,4,Throw-up,57,0.9827586206896551,data/landmarks/train/00290_class4.npy
291,1,Point-2f,169,0.824390243902439,data/landmarks/train/00291_class1.npy
292,5,Throw-down,61,0.9838709677419355,data/landmarks/train/00292_class5.npy
293,0,Point-1f,259,0.8436482084690554,data/landmarks/train/00293_class0.npy
294,2,Click-1f,40,0.975609756097561,data/landmarks/train/00294_class2.npy
295,0,Point-1f,146,0.8390804597701149,data/landmarks/train/00295_class0.npy
296,3,Click-2f,33,0.9166666666666666,data/landmarks/train/00296_class3.npy
297,9,DblClick-1f,58,0.9830508474576272,data/landmarks/train/00297_class9.npy
298,0,Point-1f,262,0.9924242424242424,data/landmarks/train/00298_class0.npy
299,2,Click-1f,29,0.9666666666666667,data/landmarks/train/00299_class2.npy
300,0,Point-1f,253,0.9267399267399268,data/landmarks/train/00300_class0.npy
301,10,DblClick-2f,43,0.7413793103448276,data/landmarks/train/00301_class10.npy
302,1,Point-2f,242,0.9641434262948207,data/landmarks/train/00302_class1.npy
303,3,Click-2f,36,1.0,data/landmarks/train/00303_class3.npy
304,0,Point-1f,174,0.8529411764705882,data/landmarks/train/00304_class0.npy
305,5,Throw-down,58,1.0,data/landmarks/train/00305_class5.npy
306,0,Point-1f,290,0.9931506849315068,data/landmarks/train/00306_class0.npy
307,11,Zoom-in,28,1.0,data/landmarks/train/00307_class11.npy
308,1,Point-2f,249,0.9803149606299213,data/landmarks/train/00308_class1.npy
309,4,Throw-up,55,1.0,data/landmarks/train/00309_class4.npy
310,0,Point-1f,217,0.9863636363636363,data/landmarks/train/00310_class0.npy
311,6,Throw-left,98,0.98989898989899,data/landmarks/train/00311_class6.npy
312,1,Point-2f,217,0.9475982532751092,data/landmarks/train/00312_class1.npy
313,8,Open-twice,41,1.0,data/landmarks/train/00313_class8.npy
314,1,Point-2f,98,1.0,data/landmarks/train/00314_class1.npy
315,7,Throw-right,34,0.9714285714285714,data/landmarks/train/00315_class7.npy
316,1,Point-2f,332,0.9485714285714286,data/landmarks/train/00316_class1.npy
317,12,Zoom-out,30,1.0,data/landmarks/train/00317_class12.npy
318,8,Open-twice,53,0.9814814814814815,data/landmarks/train/00318_class8.npy
319,1,Point-2f,234,0.8897338403041825,data/landmarks/train/00319_class1.npy
320,2,Click-1f,39,0.9512195121951219,data/landmarks/train/00320_class2.npy
321,0,Point-1f,305,1.0,data/landmarks/train/00321_class0.npy
322,6,Throw-left,55,1.0,data/landmarks/train/00322_class6.npy
323,0,Point-1f,235,0.94,data/landmarks/train/00323_class0.npy
324,7,Throw-right,29,0.6170212765957447,data/landmarks/train/00324_class7.npy
325,1,Point-2f,250,0.922509225092251,data/landmarks/train/00325_class1.npy
326,3,Click-2f,38,0.8837209302325582,data/landmarks/train/00326_class3.npy
327,0,Point-1f,271,0.9890510948905109,data/landmarks/train/00327_class0.npy
328,11,Zoom-in,42,0.9767441860465116,data/landmarks/train/00328_class11.npy
329,1,Point-2f,189,0.9402985074626866,data/landmarks/train/00329_class1.npy
330,10,DblClick-2f,60,0.9836065573770492,data/landmarks/train/00330_class10.npy
331,0,Point-1f,284,0.9530201342281879,data/landmarks/train/00331_class0.npy
332,4,Throw-up,44,1.0,data/landmarks/train/00332_class4.npy
333,1,Point-2f,225,0.9574468085106383,data/landmarks/train/00333_class1.npy
334,5,Throw-down,70,0.9859154929577465,data/landmarks/train/00334_class5.npy
335,0,Point-1f,163,0.9209039548022598,data/landmarks/train/00335_class0.npy
336,12,Zoom-out,39,1.0,data/landmarks/train/00336_class12.npy
337,1,Point-2f,199,0.9004524886877828,data/landmarks/train/00337_class1.npy
338,9,DblClick-1f,55,1.0,data/landmarks/train/00338_class9.npy
339,12,Zoom-out,52,1.0,data/landmarks/train/00339_class12.npy
340,0,Point-1f,238,0.967479674796748,data/landmarks/train/00340_class0.npy
341,9,DblClick-1f,56,1.0,data/landmarks/train/00341_class9.npy
342,1,Point-2f,187,0.8577981651376146,data/landmarks/train/00342_class1.npy
343,5,Throw-down,74,1.0,data/landmarks/train/00343_class5.npy
344,0,Point-1f,210,1.0,data/landmarks/train/00344_class0.npy
345,6,Throw-left,76,0.9620253164556962,data/landmarks/train/00345_class6.npy
346,0,Point-1f,234,0.9629629629629629,data/landmarks/train/00346_class0.npy
347,11,Zoom-in,62,1.0,data/landmarks/train/00347_class11.npy
348,1,Point-2f,228,0.9702127659574468,data/landmarks/train/00348_class1.npy
349,4,Throw-up,70,1.0,data/landmarks/train/00349_class4.npy
350,1,Point-2f,158,0.9461077844311377,data/landmarks/train/00350_class1.npy
351,7,Throw-right,61,0.9838709677419355,data/landmarks/train/00351_class7.npy
352,0,Point-1f,231,1.0,data/landmarks/train/00352_class0.npy
353,10,DblClick-2f,57,1.0,data/landmarks/train/00353_class10.npy
354,1,Point-2f,159,0.8195876288659794,data/landmarks/train/00354_class1.npy
355,3,Click-2f,103,1.0,data/landmarks/train/00355_class3.npy
356,0,Point-1f,213,0.8801652892561983,data/landmarks/train/00356_class0.npy
357,8,Open-twice,132,0.9924812030075187,data/landmarks/train/00357_class8.npy
358,1,Point-2f,317,0.9491017964071856,data/landmarks/train/00358_class1.npy
359,2,Click-1f,38,0.5135135135135135,data/landmarks/train/00359_class2.npy
360,12,Zoom-out,69,1.0,data/landmarks/train/00360_class12.npy
361,0,Point-1f,211,1.0,data/landmarks/train/00361_class0.npy
362,10,DblClick-2f,68,0.9855072463768116,data/landmarks/train/00362_class10.npy
363,0,Point-1f,161,0.9415204678362573,data/landmarks/train/00363_class0.npy
364,4,Throw-up,62,0.96875,data/landmarks/train/00364_class4.npy
365,1,Point-2f,165,0.8776595744680851,data/landmarks/train/00365_class1.npy
366,2,Click-1f,43,1.0,data/landmarks/train/00366_class2.npy
367,1,Point-2f,270,0.9747292418772563,data/landmarks/train/00367_class1.npy
368,8,Open-twice,92,1.0,data/landmarks/train/00368_class8.npy
369,1,Point-2f,169,0.9086021505376344,data/landmarks/train/00369_class1.npy
370,11,Zoom-in,56,1.0,data/landmarks/train/00370_class11.npy
371,0,Point-1f,192,0.927536231884058,data/landmarks/train/00371_class0.npy
372,3,Click-2f,58,1.0,data/landmarks/train/00372_class3.npy
373,0,Point-1f,161,0.8256410256410256,data/landmarks/train/00373_class0.npy
374,6,Throw-left,63,1.0,data/landmarks/train/00374_class6.npy
375,0,Point-1f,193,0.9323671497584541,data/landmarks/train/00375_class0.npy
376,5,Throw-down,67,0.9571428571428572,data/landmarks/train/00376_class5.npy
377,1,Point-2f,195,0.9420289855072463,data/landmarks/train/00377_class1.npy
378,9,DblClick-1f,84,0.9882352941176471,data/landmarks/train/00378_class9.npy
379,1,Point-2f,243,0.972,data/landmarks/train/00379_class1.npy
380,7,Throw-right,61,1.0,data/landmarks/train/00380_class7.npy
381,10,DblClick-2f,30,1.0,data/landmarks/train/00381_class10.npy
382,0,Point-1f,155,0.9337349397590361,data/landmarks/train/00382_class0.npy
383,7,Throw-right,44,0.9777777777777777,data/landmarks/train/00383_class7.npy
384,0,Point-1f,203,0.9806763285024155,data/landmarks/train/00384_class0.npy
385,4,Throw-up,73,0.9733333333333334,data/landmarks/train/00385_class4.npy
386,1,Point-2f,161,0.8518518518518519,data/landmarks/train/00386_class1.npy
387,8,Open-twice,37,1.0,data/landmarks/train/00387_class8.npy
388,0,Point-1f,186,0.916256157635468,data/landmarks/train/00388_class0.npy
389,9,DblClick-1f,51,0.9807692307692307,data/landmarks/train/00389_class9.npy
390,1,Point-2f,142,0.7932960893854749,data/landmarks/train/00390_class1.npy
391,2,Click-1f,34,0.9714285714285714,data/landmarks/train/00391_class2.npy
392,1,Point-2f,149,0.7760416666666666,data/landmarks/train/00392_class1.npy
393,12,Zoom-out,60,0.8695652173913043,data/landmarks/train/00393_class12.npy
394,1,Point-2f,148,0.8314606741573034,data/landmarks/train/00394_class1.npy
395,6,Throw-left,40,0.9302325581395349,data/landmarks/train/00395_class6.npy
396,1,Point-2f,100,0.6451612903225806,data/landmarks/train/00396_class1.npy
397,11,Zoom-in,31,1.0,data/landmarks/train/00397_class11.npy
398,0,Point-1f,216,0.8816326530612245,data/landmarks/train/00398_class0.npy
399,5,Throw-down,72,0.6857142857142857,data/landmarks/train/00399_class5.npy
400,0,Point-1f,261,0.9923954372623575,data/landmarks/train/00400_class0.npy
401,3,Click-2f,57,0.890625,data/landmarks/train/00401_class3.npy
402,8,Open-twice,73,1.0,data/landmarks/train/00402_class8.npy
403,0,Point-1f,218,0.9437229437229437,data/landmarks/train/00403_class0.npy
404,10,DblClick-2f,89,0.9081632653061225,data/landmarks/train/00404_class10.npy
405,0,Point-1f,180,0.9523809523809523,data/landmarks/train/00405_class0.npy
406,7,Throw-right,113,1.0,data/landmarks/train/00406_class7.npy
407,1,Point-2f,187,0.8060344827586207,data/landmarks/train/00407_class1.npy
408,6,Throw-left,115,0.9745762711864406,data/landmarks/train/00408_class6.npy
409,0,Point-1f,155,0.8959537572254336,data/landmarks/train/00409_class0.npy
410,3,Click-2f,61,1.0,data/landmarks/train/00410_class3.npy
411,0,Point-1f,207,0.9627906976744186,data/landmarks/train/00411_class0.npy
412,12,Zoom-out,90,0.989010989010989,data/landmarks/train/00412_class12.npy
413,1,Point-2f,143,0.7409326424870466,data/landmarks/train/00413_class1.npy
414,11,Zoom-in,84,1.0,data/landmarks/train/00414_class11.npy
415,1,Point-2f,196,0.9289099526066351,data/landmarks/train/00415_class1.npy
416,5,Throw-down,121,1.0,data/landmarks/train/00416_class5.npy
417,0,Point-1f,119,0.85,data/landmarks/train/00417_class0.npy
418,4,Throw-up,113,0.9576271186440678,data/landmarks/train/00418_class4.npy
419,1,Point-2f,168,0.9710982658959537,data/landmarks/train/00419_class1.npy
420,2,Click-1f,37,0.9487179487179487,data/landmarks/train/00420_class2.npy
421,1,Point-2f,135,0.8598726114649682,data/landmarks/train/00421_class1.npy
422,9,DblClick-1f,47,1.0,data/landmarks/train/00422_class9.npy
423,3,Click-2f,32,0.9696969696969697,data/landmarks/train/00423_class3.npy
424,1,Point-2f,226,1.0,data/landmarks/train/00424_class1.npy
425,9,DblClick-1f,40,1.0,data/landmarks/train/00425_class9.npy
426,1,Point-2f,264,1.0,data/landmarks/train/00426_class1.npy
427,10,DblClick-2f,37,1.0,data/landmarks/train/00427_class10.npy
428,0,Point-1f,289,1.0,data/landmarks/train/00428_class0.npy
429,12,Zoom-out,56,1.0,data/landmarks/train/00429_class12.npy
430,1,Point-2f,241,1.0,data/landmarks/train/00430_class1.npy
431,5,Throw-down,47,1.0,data/landmarks/train/00431_class5.npy
432,0,Point-1f,245,0.9176029962546817,data/landmarks/train/00432_class0.npy
433,4,Throw-up,38,0.9743589743589743,data/landmarks/train/00433_class4.npy
434,0,Point-1f,227,0.978448275862069,data/landmarks/train/00434_class0.npy
435,11,Zoom-in,60,1.0,data/landmarks/train/00435_class11.npy
436,1,Point-2f,243,1.0,data/landmarks/train/00436_class1.npy
437,8,Open-twice,73,1.0,data/landmarks/train/00437_class8.npy
438,0,Point-1f,256,1.0,data/landmarks/train/00438_class0.npy
439,2,Click-1f,13,1.0,data/landmarks/train/00439_class2.npy
440,0,Point-1f,174,0.9886363636363636,data/landmarks/train/00440_class0.npy
441,7,Throw-right,71,0.922077922077922,data/landmarks/train/00441_class7.npy
442,1,Point-2f,245,0.9959349593495935,data/landmarks/train/00442_class1.npy
443,6,Throw-left,57,0.9661016949152542,data/landmarks/train/00443_class6.npy
444,6,Throw-left,47,0.7833333333333333,data/landmarks/train/00444_class6.npy
445,0,Point-1f,226,1.0,data/landmarks/train/00445_class0.npy
446,5,Throw-down,52,1.0,data/landmarks/train/00446_class5.npy
447,1,Point-2f,279,1.0,data/landmarks/train/00447_class1.npy
448,11,Zoom-in,82,1.0,data/landmarks/train/00448_class11.npy
449,1,Point-2f,275,0.9963768115942029,data/landmarks/train/00449_class1.npy
450,9,DblClick-1f,56,1.0,data/landmarks/train/00450_class9.npy
451,0,Point-1f,208,1.0,data/landmarks/train/00451_class0.npy
452,2,Click-1f,24,1.0,data/landmarks/train/00452_class2.npy
453,0,Point-1f,202,0.9950738916256158,data/landmarks/train/00453_class0.npy
454,8,Open-twice,58,1.0,data/landmarks/train/00454_class8.npy
455,0,Point-1f,282,0.9929577464788732,data/landmarks/train/00455_class0.npy
456,10,DblClick-2f,39,1.0,data/landmarks/train/00456_class10.npy
457,0,Point-1f,218,0.9819819819819819,data/landmarks/train/00457_class0.npy
458,7,Throw-right,96,0.588957055214724,data/landmarks/train/00458_class7.npy
459,1,Point-2f,136,0.9855072463768116,data/landmarks/train/00459_class1.npy
460,4,Throw-up,49,1.0,data/landmarks/train/00460_class4.npy
461,1,Point-2f,201,1.0,data/landmarks/train/00461_class1.npy
462,3,Click-2f,46,1.0,data/landmarks/train/00462_class3.npy
463,1,Point-2f,207,1.0,data/landmarks/train/00463_class1.npy
464,12,Zoom-out,41,1.0,data/landmarks/train/00464_class12.npy
465,8,Open-twice,59,1.0,data/landmarks/train/00465_class8.npy
466,1,Point-2f,226,1.0,data/landmarks/train/00466_class1.npy
467,6,Throw-left,63,1.0,data/landmarks/train/00467_class6.npy
468,0,Point-1f,286,1.0,data/landmarks/train/00468_class0.npy
469,10,DblClick-2f,58,0.8656716417910447,data/landmarks/train/00469_class10.npy
470,1,Point-2f,252,0.9438202247191011,data/landmarks/train/00470_class1.npy
471,9,DblClick-1f,43,1.0,data/landmarks/train/00471_class9.npy
472,0,Point-1f,193,0.9414634146341463,data/landmarks/train/00472_class0.npy
473,4,Throw-up,35,1.0,data/landmarks/train/00473_class4.npy
474,0,Point-1f,200,1.0,data/landmarks/train/00474_class0.npy
475,5,Throw-down,34,1.0,data/landmarks/train/00475_class5.npy
476,1,Point-2f,308,1.0,data/landmarks/train/00476_class1.npy
477,11,Zoom-in,37,1.0,data/landmarks/train/00477_class11.npy
478,0,Point-1f,248,0.9323308270676691,data/landmarks/train/00478_class0.npy
479,3,Click-2f,36,0.8780487804878049,data/landmarks/train/00479_class3.npy
480,1,Point-2f,238,0.9596774193548387,data/landmarks/train/00480_class1.npy
481,12,Zoom-out,64,1.0,data/landmarks/train/00481_class12.npy
482,0,Point-1f,172,1.0,data/landmarks/train/00482_class0.npy
483,2,Click-1f,43,1.0,data/landmarks/train/00483_class2.npy
484,1,Point-2f,197,1.0,data/landmarks/train/00484_class1.npy
485,7,Throw-right,71,1.0,data/landmarks/train/00485_class7.npy
486,9,DblClick-1f,37,1.0,data/landmarks/train/00486_class9.npy
487,1,Point-2f,212,1.0,data/landmarks/train/00487_class1.npy
488,8,Open-twice,110,1.0,data/landmarks/train/00488_class8.npy
489,1,Point-2f,207,1.0,data/landmarks/train/00489_class1.npy
490,6,Throw-left,48,1.0,data/landmarks/train/00490_class6.npy
491,0,Point-1f,236,0.959349593495935,data/landmarks/train/00491_class0.npy
492,11,Zoom-in,34,1.0,data/landmarks/train/00492_class11.npy
493,0,Point-1f,245,1.0,data/landmarks/train/00493_class0.npy
494,2,Click-1f,47,1.0,data/landmarks/train/00494_class2.npy
495,0,Point-1f,181,0.9679144385026738,data/landmarks/train/00495_class0.npy
496,4,Throw-up,35,1.0,data/landmarks/train/00496_class4.npy
497,1,Point-2f,258,1.0,data/landmarks/train/00497_class1.npy
498,12,Zoom-out,51,1.0,data/landmarks/train/00498_class12.npy
499,1,Point-2f,200,0.975609756097561,data/landmarks/train/00499_class1.npy
500,5,Throw-down,55,1.0,data/landmarks/train/00500_class5.npy
501,1,Point-2f,194,1.0,data/landmarks/train/00501_class1.npy
502,10,DblClick-2f,45,1.0,data/landmarks/train/00502_class10.npy
503,0,Point-1f,237,1.0,data/landmarks/train/00503_class0.npy
504,7,Throw-right,58,0.9354838709677419,data/landmarks/train/00504_class7.npy
505,0,Point-1f,329,1.0,data/landmarks/train/00505_class0.npy
506,3,Click-2f,36,1.0,data/landmarks/train/00506_class3.npy
507,1,Point-2f,15,1.0,data/landmarks/train/00507_class1.npy
508,4,Throw-up,45,0.9574468085106383,data/landmarks/train/00508_class4.npy
509,1,Point-2f,238,0.9754098360655737,data/landmarks/train/00509_class1.npy
510,11,Zoom-in,46,1.0,data/landmarks/train/00510_class11.npy
511,0,Point-1f,255,0.9922178988326849,data/landmarks/train/00511_class0.npy
512,9,DblClick-1f,67,1.0,data/landmarks/train/00512_class9.npy
513,0,Point-1f,222,0.9779735682819384,data/landmarks/train/00513_class0.npy
514,12,Zoom-out,35,1.0,data/landmarks/train/00514_class12.npy
515,1,Point-2f,203,0.9666666666666667,data/landmarks/train/00515_class1.npy
516,6,Throw-left,40,0.975609756097561,data/landmarks/train/00516_class6.npy
517,0,Point-1f,232,1.0,data/landmarks/train/00517_class0.npy
518,3,Click-2f,42,1.0,data/landmarks/train/00518_class3.npy
519,1,Point-2f,266,0.9672727272727273,data/landmarks/train/00519_class1.npy
520,8,Open-twice,55,1.0,data/landmarks/train/00520_class8.npy
521,0,Point-1f,381,0.9896103896103896,data/landmarks/train/00521_class0.npy
522,7,Throw-right,24,0.8,data/landmarks/train/00522_class7.npy
523,0,Point-1f,233,0.9549180327868853,data/landmarks/train/00523_class0.npy
524,5,Throw-down,40,0.9523809523809523,data/landmarks/train/00524_class5.npy
525,1,Point-2f,227,0.9912663755458515,data/landmarks/train/00525_class1.npy
526,2,Click-1f,38,1.0,data/landmarks/train/00526_class2.npy
527,1,Point-2f,220,0.9821428571428571,data/landmarks/train/00527_class1.npy
528,10,DblClick-2f,63,0.984375,data/landmarks/train/00528_class10.npy
529,4,Throw-up,39,0.9285714285714286,data/landmarks/train/00529_class4.npy
530,1,Point-2f,276,0.9616724738675958,data/landmarks/train/00530_class1.npy
531,7,Throw-right,32,0.8888888888888888,data/landmarks/train/00531_class7.npy
532,0,Point-1f,287,1.0,data/landmarks/train/00532_class0.npy
533,6,Throw-left,42,0.9545454545454546,data/landmarks/train/00533_class6.npy
534,0,Point-1f,265,0.9962406015037594,data/landmarks/train/00534_class0.npy
535,9,DblClick-1f,58,1.0,data/landmarks/train/00535_class9.npy
536,1,Point-2f,266,0.9333333333333333,data/landmarks/train/00536_class1.npy
537,8,Open-twice,60,0.967741935483871,data/landmarks/train/00537_class8.npy
538,0,Point-1f,290,0.9863945578231292,data/landmarks/train/00538_class0.npy
539,3,Click-2f,37,0.9736842105263158,data/landmarks/train/00539_class3.npy
540,1,Point-2f,243,0.9681274900398407,data/landmarks/train/00540_class1.npy
541,11,Zoom-in,46,0.8679245283018868,data/landmarks/train/00541_class11.npy
542,0,Point-1f,309,0.9903846153846154,data/landmarks/train/00542_class0.npy
543,2,Click-1f,30,0.7692307692307693,data/landmarks/train/00543_class2.npy
544,0,Point-1f,265,0.9742647058823529,data/landmarks/train/00544_class0.npy
545,10,DblClick-2f,51,0.8793103448275862,data/landmarks/train/00545_class10.npy
546,1,Point-2f,285,0.9163987138263665,data/landmarks/train/00546_class1.npy
547,12,Zoom-out,45,0.9782608695652174,data/landmarks/train/00547_class12.npy
548,1,Point-2f,198,0.9339622641509434,data/landmarks/train/00548_class1.npy
549,5,Throw-down,32,0.8888888888888888,data/landmarks/train/00549_class5.npy
550,9,DblClick-1f,52,1.0,data/landmarks/train/00550_class9.npy
551,1,Point-2f,298,0.9644012944983819,data/landmarks/train/00551_class1.npy
552,7,Throw-right,48,0.9411764705882353,data/landmarks/train/00552_class7.npy
553,1,Point-2f,325,0.9848484848484849,data/landmarks/train/00553_class1.npy
554,12,Zoom-out,51,1.0,data/landmarks/train/00554_class12.npy
555,1,Point-2f,298,0.952076677316294,data/landmarks/train/00555_class1.npy
556,4,Throw-up,26,0.896551724137931,data/landmarks/train/00556_class4.npy
557,0,Point-1f,365,0.958005249343832,data/landmarks/train/00557_class0.npy
558,2,Click-1f,45,0.9574468085106383,data/landmarks/train/00558_class2.npy
559,0,Point-1f,309,0.9935691318327974,data/landmarks/train/00559_class0.npy
560,5,Throw-down,33,0.9428571428571428,data/landmarks/train/00560_class5.npy
561,0,Point-1f,234,1.0,data/landmarks/train/00561_class0.npy
562,11,Zoom-in,26,1.0,data/landmarks/train/00562_class11.npy
563,1,Point-2f,393,0.9097222222222222,data/landmarks/train/00563_class1.npy
564,3,Click-2f,58,0.9830508474576272,data/landmarks/train/00564_class3.npy
565,0,Point-1f,298,0.9581993569131833,data/landmarks/train/00565_class0.npy
566,6,Throw-left,51,0.7611940298507462,data/landmarks/train/00566_class6.npy
567,0,Point-1f,156,0.968944099378882,data/landmarks/train/00567_class0.npy
568,8,Open-twice,58,0.9508196721311475,data/landmarks/train/00568_class8.npy
569,1,Point-2f,163,0.9588235294117647,data/landmarks/train/00569_class1.npy
570,10,DblClick-2f,56,0.9655172413793104,data/landmarks/train/00570_class10.npy
571,6,Throw-left,41,0.9534883720930233,data/landmarks/train/00571_class6.npy
572,0,Point-1f,321,0.8629032258064516,data/landmarks/train/00572_class0.npy
573,12,Zoom-out,37,1.0,data/landmarks/train/00573_class12.npy
574,1,Point-2f,270,0.9246575342465754,data/landmarks/train/00574_class1.npy
575,10,DblClick-2f,62,1.0,data/landmarks/train/00575_class10.npy
576,0,Point-1f,222,0.925,data/landmarks/train/00576_class0.npy
577,5,Throw-down,45,0.9782608695652174,data/landmarks/train/00577_class5.npy
578,0,Point-1f,284,0.9659863945578231,data/landmarks/train/00578_class0.npy
579,7,Throw-right,36,0.9230769230769231,data/landmarks/train/00579_class7.npy
580,1,Point-2f,291,0.9238095238095239,data/landmarks/train/00580_class1.npy
581,11,Zoom-in,46,1.0,data/landmarks/train/00581_class11.npy
582,0,Point-1f,279,0.9269102990033222,data/landmarks/train/00582_class0.npy
583,3,Click-2f,36,0.9473684210526315,data/landmarks/train/00583_class3.npy
584,0,Point-1f,299,0.8952095808383234,data/landmarks/train/00584_class0.npy
585,8,Open-twice,46,0.9387755102040817,data/landmarks/train/00585_class8.npy
586,1,Point-2f,171,0.9447513812154696,data/landmarks/train/00586_class1.npy
587,9,DblClick-1f,59,0.9833333333333333,data/landmarks/train/00587_class9.npy
588,1,Point-2f,213,0.8949579831932774,data/landmarks/train/00588_class1.npy
589,2,Click-1f,45,1.0,data/landmarks/train/00589_class2.npy
590,1,Point-2f,147,0.875,data/landmarks/train/00590_class1.npy
591,4,Throw-up,46,0.9583333333333334,data/landmarks/train/00591_class4.npy
592,6,Throw-left,61,0.9384615384615385,data/landmarks/train/00592_class6.npy
593,1,Point-2f,351,0.823943661971831,data/landmarks/train/00593_class1.npy
594,5,Throw-down,18,0.28125,data/landmarks/train/00594_class5.npy
595,0,Point-1f,289,0.9697986577181208,data/landmarks/train/00595_class0.npy
596,8,Open-twice,138,1.0,data/landmarks/train/00596_class8.npy
597,1,Point-2f,233,0.9588477366255144,data/landmarks/train/00597_class1.npy
598,10,DblClick-2f,49,0.7205882352941176,data/landmarks/train/00598_class10.npy
599,0,Point-1f,216,0.968609865470852,data/landmarks/train/00599_class0.npy
600,7,Throw-right,56,0.9824561403508771,data/landmarks/train/00600_class7.npy
601,0,Point-1f,235,0.9251968503937008,data/landmarks/train/00601_class0.npy
602,9,DblClick-1f,56,1.0,data/landmarks/train/00602_class9.npy
603,1,Point-2f,224,0.9372384937238494,data/landmarks/train/00603_class1.npy
604,11,Zoom-in,106,1.0,data/landmarks/train/00604_class11.npy
605,0,Point-1f,199,0.8766519823788547,data/landmarks/train/00605_class0.npy
606,3,Click-2f,53,0.7066666666666667,data/landmarks/train/00606_class3.npy
607,0,Point-1f,182,0.896551724137931,data/landmarks/train/00607_class0.npy
608,2,Click-1f,54,1.0,data/landmarks/train/00608_class2.npy
609,1,Point-2f,158,0.7745098039215687,data/landmarks/train/00609_class1.npy
610,4,Throw-up,67,1.0,data/landmarks/train/00610_class4.npy
611,1,Point-2f,170,0.8762886597938144,data/landmarks/train/00611_class1.npy
612,12,Zoom-out,52,0.7647058823529411,data/landmarks/train/00612_class12.npy
613,2,Click-1f,54,0.9818181818181818,data/landmarks/train/00613_class2.npy
614,1,Point-2f,284,0.8658536585365854,data/landmarks/train/00614_class1.npy
615,10,DblClick-2f,45,0.9,data/landmarks/train/00615_class10.npy
616,0,Point-1f,298,0.9933333333333333,data/landmarks/train/00616_class0.npy
617,8,Open-twice,61,1.0,data/landmarks/train/00617_class8.npy
618,0,Point-1f,164,0.9704142011834319,data/landmarks/train/00618_class0.npy
619,11,Zoom-in,59,1.0,data/landmarks/train/00619_class11.npy
620,1,Point-2f,203,0.8152610441767069,data/landmarks/train/00620_class1.npy
621,9,DblClick-1f,57,0.9344262295081968,data/landmarks/train/00621_class9.npy
622,0,Point-1f,180,0.972972972972973,data/landmarks/train/00622_class0.npy
623,4,Throw-up,52,0.9629629629629629,data/landmarks/train/00623_class4.npy
624,1,Point-2f,235,0.94,data/landmarks/train/00624_class1.npy
625,12,Zoom-out,76,1.0,data/landmarks/train/00625_class12.npy
626,0,Point-1f,134,0.9370629370629371,data/landmarks/train/00626_class0.npy
627,7,Throw-right,56,0.9824561403508771,data/landmarks/train/00627_class7.npy
628,1,Point-2f,243,0.9418604651162791,data/landmarks/train/00628_class1.npy
629,3,Click-2f,48,1.0,data/landmarks/train/00629_class3.npy
630,0,Point-1f,199,0.9851485148514851,data/landmarks/train/00630_class0.npy
631,6,Throw-left,78,0.975,data/landmarks/train/00631_class6.npy
632,1,Point-2f,131,0.916083916083916,data/landmarks/train/00632_class1.npy
633,5,Throw-down,62,0.7848101265822784,data/landmarks/train/00633_class5.npy
634,7,Throw-right,45,1.0,data/landmarks/train/00634_class7.npy
635,1,Point-2f,290,0.9177215189873418,data/landmarks/train/00635_class1.npy
636,2,Click-1f,62,1.0,data/landmarks/train/00636_class2.npy
637,1,Point-2f,163,0.9421965317919075,data/landmarks/train/00637_class1.npy
638,5,Throw-down,58,0.9508196721311475,data/landmarks/train/00638_class5.npy
639,0,Point-1f,154,0.9808917197452229,data/landmarks/train/00639_class0.npy
640,9,DblClick-1f,62,1.0,data/landmarks/train/00640_class9.npy
641,0,Point-1f,181,0.9476439790575916,data/landmarks/train/00641_class0.npy
642,3,Click-2f,38,1.0,data/landmarks/train/00642_class3.npy
643,1,Point-2f,210,0.9251101321585903,data/landmarks/train/00643_class1.npy
644,12,Zoom-out,81,1.0,data/landmarks/train/00644_class12.npy
645,0,Point-1f,259,0.9847908745247148,data/landmarks/train/00645_class0.npy
646,4,Throw-up,65,1.0,data/landmarks/train/00646_class4.npy
647,1,Point-2f,232,0.9354838709677419,data/landmarks/train/00647_class1.npy
648,11,Zoom-in,87,1.0,data/landmarks/train/00648_class11.npy
649,0,Point-1f,195,0.9375,data/landmarks/train/00649_class0.npy
650,10,DblClick-2f,58,0.9354838709677419,data/landmarks/train/00650_class10.npy
651,0,Point-1f,241,0.9836734693877551,data/landmarks/train/00651_class0.npy
652,6,Throw-left,64,0.9696969696969697,data/landmarks/train/00652_class6.npy
653,1,Point-2f,255,0.9770114942528736,data/landmarks/train/00653_class1.npy
654,8,Open-twice,46,1.0,data/landmarks/train/00654_class8.npy
655,3,Click-2f,40,1.0,data/landmarks/train/00655_class3.npy
656,0,Point-1f,304,1.0,data/landmarks/train/00656_class0.npy
657,10,DblClick-2f,54,0.9310344827586207,data/landmarks/train/00657_class10.npy
658,1,Point-2f,235,0.8867924528301887,data/landmarks/train/00658_class1.npy
659,2,Click-1f,48,1.0,data/landmarks/train/00659_class2.npy
660,0,Point-1f,213,0.9260869565217391,data/landmarks/train/00660_class0.npy
661,5,Throw-down,73,0.9605263157894737,data/landmarks/train/00661_class5.npy
662,1,Point-2f,234,0.8764044943820225,data/landmarks/train/00662_class1.npy
663,8,Open-twice,71,1.0,data/landmarks/train/00663_class8.npy
664,1,Point-2f,245,0.95703125,data/landmarks/train/00664_class1.npy
665,12,Zoom-out,57,1.0,data/landmarks/train/00665_class12.npy
666,0,Point-1f,178,0.9726775956284153,data/landmarks/train/00666_class0.npy
667,4,Throw-up,64,1.0,data/landmarks/train/00667_class4.npy
668,1,Point-2f,220,0.8764940239043825,data/landmarks/train/00668_class1.npy
669,6,Throw-left,66,1.0,data/landmarks/train/00669_class6.npy
670,1,Point-2f,230,0.9163346613545816,data/landmarks/train/00670_class1.npy
671,11,Zoom-in,63,1.0,data/landmarks/train/00671_class11.npy
672,0,Point-1f,170,1.0,data/landmarks/train/00672_class0.npy
673,7,Throw-right,60,0.967741935483871,data/landmarks/train/00673_class7.npy
674,0,Point-1f,158,0.9875,data/landmarks/train/00674_class0.npy
675,9,DblClick-1f,37,1.0,data/landmarks/train/00675_class9.npy
676,2,Click-1f,73,1.0,data/landmarks/train/00676_class2.npy
677,0,Point-1f,185,0.8767772511848341,data/landmarks/train/00677_class0.npy
678,6,Throw-left,41,0.8367346938775511,data/landmarks/train/00678_class6.npy
679,0,Point-1f,272,0.9283276450511946,data/landmarks/train/00679_class0.npy
680,11,Zoom-in,70,0.6422018348623854,data/landmarks/train/00680_class11.npy
681,1,Point-2f,247,0.872791519434629,data/landmarks/train/00681_class1.npy
682,3,Click-2f,49,0.6621621621621622,data/landmarks/train/00682_class3.npy
683,1,Point-2f,227,0.930327868852459,data/landmarks/train/00683_class1.npy
684,4,Throw-up,43,0.9555555555555556,data/landmarks/train/00684_class4.npy
685,0,Point-1f,294,0.9274447949526814,data/landmarks/train/00685_class0.npy
686,8,Open-twice,61,1.0,data/landmarks/train/00686_class8.npy
687,0,Point-1f,231,0.8020833333333334,data/landmarks/train/00687_class0.npy
688,9,DblClick-1f,54,1.0,data/landmarks/train/00688_class9.npy
689,0,Point-1f,252,0.7949526813880127,data/landmarks/train/00689_class0.npy
690,5,Throw-down,52,1.0,data/landmarks/train/00690_class5.npy
691,1,Point-2f,281,0.8619631901840491,data/landmarks/train/00691_class1.npy
692,10,DblClick-2f,60,1.0,data/landmarks/train/00692_class10.npy
693,1,Point-2f,228,0.9011857707509882,data/landmarks/train/00693_class1.npy
694,12,Zoom-out,41,1.0,data/landmarks/train/00694_class12.npy
695,1,Point-2f,216,0.8275862068965517,data/landmarks/train/00695_class1.npy
696,7,Throw-right,34,1.0,data/landmarks/train/00696_class7.npy
697,9,DblClick-1f,67,1.0,data/landmarks/train/00697_class9.npy
698,0,Point-1f,328,0.9909365558912386,data/landmarks/train/00698_class0.npy
699,2,Click-1f,49,0.98,data/landmarks/train/00699_class2.npy
700,1,Point-2f,248,0.9612403100775194,data/landmarks/train/00700_class1.npy
701,12,Zoom-out,58,1.0,data/landmarks/train/00701_class12.npy
702,0,Point-1f,341,0.9912790697674418,data/landmarks/train/00702_class0.npy
703,3,Click-2f,98,1.0,data/landmarks/train/00703_class3.npy
704,1,Point-2f,446,0.9330543933054394,data/landmarks/train/00704_class1.npy
705,6,Throw-left,64,1.0,data/landmarks/train/00705_class6.npy
706,0,Point-1f,259,0.9664179104477612,data/landmarks/train/00706_class0.npy
707,11,Zoom-in,79,1.0,data/landmarks/train/00707_class11.npy
708,1,Point-2f,241,0.895910780669145,data/landmarks/train/00708_class1.npy
709,10,DblClick-2f,54,1.0,data/landmarks/train/00709_class10.npy
710,1,Point-2f,407,0.9443155452436195,data/landmarks/train/00710_class1.npy
711,7,Throw-right,91,0.9891304347826086,data/landmarks/train/00711_class7.npy
712,0,Point-1f,387,0.9822335025380711,data/landmarks/train/00712_class0.npy
713,8,Open-twice,64,1.0,data/landmarks/train/00713_class8.npy
714,0,Point-1f,228,0.987012987012987,data/landmarks/train/00714_class0.npy
715,5,Throw-down,46,1.0,data/landmarks/train/00715_class5.npy
716,1,Point-2f,83,0.9651162790697675,data/landmarks/train/00716_class1.npy
717,4,Throw-up,37,1.0,data/landmarks/train/00717_class4.npy
718,12,Zoom-out,63,0.984375,data/landmarks/train/00718_class12.npy
719,1,Point-2f,312,0.9203539823008849,data/landmarks/train/00719_class1.npy
720,8,Open-twice,48,1.0,data/landmarks/train/00720_class8.npy
721,0,Point-1f,288,0.935064935064935,data/landmarks/train/00721_class0.npy
722,4,Throw-up,46,1.0,data/landmarks/train/00722_class4.npy
723,1,Point-2f,332,0.9299719887955182,data/landmarks/train/00723_class1.npy
724,7,Throw-right,45,1.0,data/landmarks/train/00724_class7.npy
725,1,Point-2f,190,0.8558558558558559,data/landmarks/train/00725_class1.npy
726,5,Throw-down,55,0.9821428571428571,data/landmarks/train/00726_class5.npy
727,1,Point-2f,259,0.9151943462897526,data/landmarks/train/00727_class1.npy
728,10,DblClick-2f,77,1.0,data/landmarks/train/00728_class10.npy
729,0,Point-1f,313,0.990506329113924,data/landmarks/train/00729_class0.npy
730,2,Click-1f,45,1.0,data/landmarks/train/00730_class2.npy
731,1,Point-2f,214,0.7670250896057348,data/landmarks/train/00731_class1.npy
732,6,Throw-left,58,1.0,data/landmarks/train/00732_class6.npy
733,0,Point-1f,313,0.9720496894409938,data/landmarks/train/00733_class0.npy
734,11,Zoom-in,81,1.0,data/landmarks/train/00734_class11.npy
735,0,Point-1f,287,0.9503311258278145,data/landmarks/train/00735_class0.npy
736,3,Click-2f,77,1.0,data/landmarks/train/00736_class3.npy
737,0,Point-1f,184,0.9387755102040817,data/landmarks/train/00737_class0.npy
738,9,DblClick-1f,56,1.0,data/landmarks/train/00738_class9.npy
739,5,Throw-down,51,0.9622641509433962,data/landmarks/train/00739_class5.npy
740,0,Point-1f,305,0.9442724458204335,data/landmarks/train/00740_class0.npy
741,9,DblClick-1f,73,1.0,data/landmarks/train/00741_class9.npy
742,0,Point-1f,295,0.9424920127795527,data/landmarks/train/00742_class0.npy
743,12,Zoom-out,43,1.0,data/landmarks/train/00743_class12.npy
744,1,Point-2f,350,0.8905852417302799,data/landmarks/train/00744_class1.npy
745,3,Click-2f,46,1.0,data/landmarks/train/00745_class3.npy
746,1,Point-2f,310,0.9365558912386707,data/landmarks/train/00746_class1.npy
747,2,Click-1f,49,1.0,data/landmarks/train/00747_class2.npy
748,1,Point-2f,305,0.9214501510574018,data/landmarks/train/00748_class1.npy
749,4,Throw-up,55,0.9821428571428571,data/landmarks/train/00749_class4.npy
750,1,Point-2f,254,0.9372693726937269,data/landmarks/train/00750_class1.npy
751,7,Throw-right,54,0.9818181818181818,data/landmarks/train/00751_class7.npy
752,0,Point-1f,296,0.9426751592356688,data/landmarks/train/00752_class0.npy
753,10,DblClick-2f,52,1.0,data/landmarks/train/00753_class10.npy
754,1,Point-2f,346,0.9226666666666666,data/landmarks/train/00754_class1.npy
755,6,Throw-left,53,1.0,data/landmarks/train/00755_class6.npy
756,0,Point-1f,188,0.9740932642487047,data/landmarks/train/00756_class0.npy
757,8,Open-twice,54,1.0,data/landmarks/train/00757_class8.npy
758,0,Point-1f,212,0.9422222222222222,data/landmarks/train/00758_class0.npy
759,11,Zoom-in,41,1.0,data/landmarks/train/00759_class11.npy
760,9,DblClick-1f,84,0.9882352941176471,data/landmarks/train/00760_class9.npy
761,1,Point-2f,306,0.9870967741935484,data/landmarks/train/00761_class1.npy
762,5,Throw-down,60,1.0,data/landmarks/train/00762_class5.npy
763,0,Point-1f,217,1.0,data/landmarks/train/00763_class0.npy
764,10,DblClick-2f,61,1.0,data/landmarks/train/00764_class10.npy
765,1,Point-2f,219,0.9909502262443439,data/landmarks/train/00765_class1.npy
766,8,Open-twice,51,1.0,data/landmarks/train/00766_class8.npy
767,1,Point-2f,262,0.9812734082397003,data/landmarks/train/00767_class1.npy
768,7,Throw-right,90,0.989010989010989,data/landmarks/train/00768_class7.npy
769,0,Point-1f,202,1.0,data/landmarks/train/00769_class0.npy
770,2,Click-1f,43,1.0,data/landmarks/train/00770_class2.npy
771,1,Point-2f,225,0.974025974025974,data/landmarks/train/00771_class1.npy
772,4,Throw-up,80,0.9876543209876543,data/landmarks/train/00772_class4.npy
773,0,Point-1f,250,0.9960159362549801,data/landmarks/train/00773_class0.npy
774,6,Throw-left,73,0.9864864864864865,data/landmarks/train/00774_class6.npy
775,0,Point-1f,227,0.978448275862069,data/landmarks/train/00775_class0.npy
776,11,Zoom-in,76,1.0,data/landmarks/train/00776_class11.npy
777,0,Point-1f,192,1.0,data/landmarks/train/00777_class0.npy
778,12,Zoom-out,76,1.0,data/landmarks/train/00778_class12.npy
779,1,Point-2f,252,0.9767441860465116,data/landmarks/train/00779_class1.npy
780,3,Click-2f,50,1.0,data/landmarks/train/00780_class3.npy
781,0,Point-1f,15,1.0,data/landmarks/train/00781_class0.npy
782,7,Throw-right,57,1.0,data/landmarks/train/00782_class7.npy
783,0,Point-1f,305,0.9967320261437909,data/landmarks/train/00783_class0.npy
784,11,Zoom-in,80,1.0,data/landmarks/train/00784_class11.npy
785,1,Point-2f,208,0.9765258215962441,data/landmarks/train/00785_class1.npy
786,9,DblClick-1f,83,1.0,data/landmarks/train/00786_class9.npy
787,1,Point-2f,203,0.9806763285024155,data/landmarks/train/00787_class1.npy
788,10,DblClick-2f,52,1.0,data/landmarks/train/00788_class10.npy
789,1,Point-2f,207,0.9627906976744186,data/landmarks/train/00789_class1.npy
790,3,Click-2f,62,0.9841269841269841,data/landmarks/train/00790_class3.npy
791,0,Point-1f,269,0.992619926199262,data/landmarks/train/00791_class0.npy
792,8,Open-twice,72,0.9863013698630136,data/landmarks/train/00792_class8.npy
793,0,Point-1f,248,0.9959839357429718,data/landmarks/train/00793_class0.npy
794,12,Zoom-out,68,1.0,data/landmarks/train/00794_class12.npy
795,1,Point-2f,217,0.9774774774774775,data/landmarks/train/00795_class1.npy
796,4,Throw-up,63,0.984375,data/landmarks/train/00796_class4.npy
797,0,Point-1f,278,0.996415770609319,data/landmarks/train/00797_class0.npy
798,5,Throw-down,57,1.0,data/landmarks/train/00798_class5.npy
799,0,Point-1f,177,0.9943820224719101,data/landmarks/train/00799_class0.npy
800,6,Throw-left,67,0.9852941176470589,data/landmarks/train/00800_class6.npy
801,1,Point-2f,209,0.990521327014218,data/landmarks/train/00801_class1.npy
802,2,Click-1f,58,1.0,data/landmarks/train/00802_class2.npy
803,6,Throw-left,54,0.9818181818181818,data/landmarks/train/00803_class6.npy
804,1,Point-2f,269,0.9889705882352942,data/landmarks/train/00804_class1.npy
805,11,Zoom-in,72,1.0,data/landmarks/train/00805_class11.npy
806,1,Point-2f,295,0.9833333333333333,data/landmarks/train/00806_class1.npy
807,8,Open-twice,78,1.0,data/landmarks/train/00807_class8.npy
808,0,Point-1f,313,0.990506329113924,data/landmarks/train/00808_class0.npy
809,12,Zoom-out,86,1.0,data/landmarks/train/00809_class12.npy
810,1,Point-2f,303,0.9680511182108626,data/landmarks/train/00810_class1.npy
811,5,Throw-down,73,0.9864864864864865,data/landmarks/train/00811_class5.npy
812,0,Point-1f,289,1.0,data/landmarks/train/00812_class0.npy
813,2,Click-1f,43,0.9772727272727273,data/landmarks/train/00813_class2.npy
814,0,Point-1f,311,0.9967948717948718,data/landmarks/train/00814_class0.npy
815,3,Click-2f,60,1.0,data/landmarks/train/00815_class3.npy
816,0,Point-1f,259,0.9923371647509579,data/landmarks/train/00816_class0.npy
817,10,DblClick-2f,62,1.0,data/landmarks/train/00817_class10.npy
818,1,Point-2f,253,0.9806201550387597,data/landmarks/train/00818_class1.npy
819,7,Throw-right,57,1.0,data/landmarks/train/00819_class7.npy
820,1,Point-2f,187,0.9739583333333334,data/landmarks/train/00820_class1.npy
821,9,DblClick-1f,53,1.0,data/landmarks/train/00821_class9.npy
822,0,Point-1f,209,1.0,data/landmarks/train/00822_class0.npy
823,4,Throw-up,34,1.0,data/landmarks/train/00823_class4.npy
824,11,Zoom-in,84,1.0,data/landmarks/train/00824_class11.npy
825,0,Point-1f,256,0.9961089494163424,data/landmarks/train/00825_class0.npy
826,2,Click-1f,15,1.0,data/landmarks/train/00826_class2.npy
827,0,Point-1f,232,0.9957081545064378,data/landmarks/train/00827_class0.npy
828,10,DblClick-2f,54,1.0,data/landmarks/train/00828_class10.npy
829,1,Point-2f,183,1.0,data/landmarks/train/00829_class1.npy
830,8,Open-twice,85,1.0,data/landmarks/train/00830_class8.npy
831,0,Point-1f,260,1.0,data/landmarks/train/00831_class0.npy
832,12,Zoom-out,77,0.9871794871794872,data/landmarks/train/00832_class12.npy
833,0,Point-1f,278,0.996415770609319,data/landmarks/train/00833_class0.npy
834,4,Throw-up,51,1.0,data/landmarks/train/00834_class4.npy
835,1,Point-2f,227,0.9869565217391304,data/landmarks/train/00835_class1.npy
836,3,Click-2f,35,1.0,data/landmarks/train/00836_class3.npy
837,1,Point-2f,212,0.986046511627907,data/landmarks/train/00837_class1.npy
838,9,DblClick-1f,87,0.9886363636363636,data/landmarks/train/00838_class9.npy
839,0,Point-1f,329,1.0,data/landmarks/train/00839_class0.npy
840,6,Throw-left,91,0.9891304347826086,data/landmarks/train/00840_class6.npy
841,1,Point-2f,246,0.9919354838709677,data/landmarks/train/00841_class1.npy
842,7,Throw-right,72,1.0,data/landmarks/train/00842_class7.npy
843,1,Point-2f,140,0.9929078014184397,data/landmarks/train/00843_class1.npy
844,5,Throw-down,56,0.9655172413793104,data/landmarks/train/00844_class5.npy
845,5,Throw-down,47,0.9791666666666666,data/landmarks/train/00845_class5.npy
846,1,Point-2f,211,1.0,data/landmarks/train/00846_class1.npy
847,12,Zoom-out,42,1.0,data/landmarks/train/00847_class12.npy
848,0,Point-1f,262,1.0,data/landmarks/train/00848_class0.npy
849,7,Throw-right,53,1.0,data/landmarks/train/00849_class7.npy
850,0,Point-1f,241,1.0,data/landmarks/train/00850_class0.npy
851,2,Click-1f,45,1.0,data/landmarks/train/00851_class2.npy
852,0,Point-1f,207,1.0,data/landmarks/train/00852_class0.npy
853,8,Open-twice,53,1.0,data/landmarks/train/00853_class8.npy
854,1,Point-2f,197,1.0,data/landmarks/train/00854_class1.npy
855,4,Throw-up,63,1.0,data/landmarks/train/00855_class4.npy
856,0,Point-1f,274,1.0,data/landmarks/train/00856_class0.npy
857,6,Throw-left,56,1.0,data/landmarks/train/00857_class6.npy
858,1,Point-2f,249,1.0,data/landmarks/train/00858_class1.npy
859,10,DblClick-2f,71,1.0,data/landmarks/train/00859_class10.npy
860,1,Point-2f,248,1.0,data/landmarks/train/00860_class1.npy
861,11,Zoom-in,29,1.0,data/landmarks/train/00861_class11.npy
862,0,Point-1f,262,1.0,data/landmarks/train/00862_class0.npy
863,3,Click-2f,61,1.0,data/landmarks/train/00863_class3.npy
864,1,Point-2f,260,0.9848484848484849,data/landmarks/train/00864_class1.npy
865,9,DblClick-1f,29,1.0,data/landmarks/train/00865_class9.npy
866,6,Throw-left,32,0.9696969696969697,data/landmarks/train/00866_class6.npy
867,1,Point-2f,293,1.0,data/landmarks/train/00867_class1.npy
868,9,DblClick-1f,54,1.0,data/landmarks/train/00868_class9.npy
869,1,Point-2f,303,1.0,data/landmarks/train/00869_class1.npy
870,5,Throw-down,51,0.9807692307692307,data/landmarks/train/00870_class5.npy
871,1,Point-2f,230,0.9704641350210971,data/landmarks/train/00871_class1.npy
872,10,DblClick-2f,54,1.0,data/landmarks/train/00872_class10.npy
873,1,Point-2f,256,1.0,data/landmarks/train/00873_class1.npy
874,11,Zoom-in,43,1.0,data/landmarks/train/00874_class11.npy
875,0,Point-1f,177,1.0,data/landmarks/train/00875_class0.npy
876,7,Throw-right,55,1.0,data/landmarks/train/00876_class7.npy
877,1,Point-2f,261,1.0,data/landmarks/train/00877_class1.npy
878,12,Zoom-out,63,1.0,data/landmarks/train/00878_class12.npy
879,0,Point-1f,238,1.0,data/landmarks/train/00879_class0.npy
880,3,Click-2f,50,1.0,data/landmarks/train/00880_class3.npy
881,0,Point-1f,246,1.0,data/landmarks/train/00881_class0.npy
882,4,Throw-up,33,1.0,data/landmarks/train/00882_class4.npy
883,0,Point-1f,262,1.0,data/landmarks/train/00883_class0.npy
884,8,Open-twice,41,1.0,data/landmarks/train/00884_class8.npy
885,0,Point-1f,215,1.0,data/landmarks/train/00885_class0.npy
886,2,Click-1f,20,1.0,data/landmarks/train/00886_class2.npy
887,0,Point-1f,9,1.0,data/landmarks/train/00887_class0.npy
888,7,Throw-right,38,0.9743589743589743,data/landmarks/train/00888_class7.npy
889,1,Point-2f,269,1.0,data/landmarks/train/00889_class1.npy
890,3,Click-2f,33,1.0,data/landmarks/train/00890_class3.npy
891,0,Point-1f,322,1.0,data/landmarks/train/00891_class0.npy
892,5,Throw-down,38,1.0,data/landmarks/train/00892_class5.npy
893,1,Point-2f,297,1.0,data/landmarks/train/00893_class1.npy
894,4,Throw-up,33,1.0,data/landmarks/train/00894_class4.npy
895,0,Point-1f,391,1.0,data/landmarks/train/00895_class0.npy
896,12,Zoom-out,48,1.0,data/landmarks/train/00896_class12.npy
897,0,Point-1f,143,1.0,data/landmarks/train/00897_class0.npy
898,10,DblClick-2f,41,0.9761904761904762,data/landmarks/train/00898_class10.npy
899,1,Point-2f,351,1.0,data/landmarks/train/00899_class1.npy
900,9,DblClick-1f,37,1.0,data/landmarks/train/00900_class9.npy
901,1,Point-2f,335,1.0,data/landmarks/train/00901_class1.npy
902,2,Click-1f,32,1.0,data/landmarks/train/00902_class2.npy
903,0,Point-1f,246,1.0,data/landmarks/train/00903_class0.npy
904,11,Zoom-in,18,0.9473684210526315,data/landmarks/train/00904_class11.npy
905,1,Point-2f,198,0.9949748743718593,data/landmarks/train/00905_class1.npy
906,6,Throw-left,44,0.9777777777777777,data/landmarks/train/00906_class6.npy
907,0,Point-1f,177,1.0,data/landmarks/train/00907_class0.npy
908,8,Open-twice,27,1.0,data/landmarks/train/00908_class8.npy
909,7,Throw-right,47,1.0,data/landmarks/train/00909_class7.npy
910,1,Point-2f,241,1.0,data/landmarks/train/00910_class1.npy
911,10,DblClick-2f,35,1.0,data/landmarks/train/00911_class10.npy
912,0,Point-1f,300,1.0,data/landmarks/train/00912_class0.npy
913,2,Click-1f,32,1.0,data/landmarks/train/00913_class2.npy
914,1,Point-2f,194,1.0,data/landmarks/train/00914_class1.npy
915,9,DblClick-1f,47,0.9791666666666666,data/landmarks/train/00915_class9.npy
916,0,Point-1f,233,1.0,data/landmarks/train/00916_class0.npy
917,12,Zoom-out,43,1.0,data/landmarks/train/00917_class12.npy
918,1,Point-2f,228,0.9956331877729258,data/landmarks/train/00918_class1.npy
919,8,Open-twice,71,1.0,data/landmarks/train/00919_class8.npy
920,0,Point-1f,272,1.0,data/landmarks/train/00920_class0.npy
921,4,Throw-up,53,0.9814814814814815,data/landmarks/train/00921_class4.npy
922,1,Point-2f,257,1.0,data/landmarks/train/00922_class1.npy
923,6,Throw-left,43,1.0,data/landmarks/train/00923_class6.npy
924,0,Point-1f,274,1.0,data/landmarks/train/00924_class0.npy
925,11,Zoom-in,60,1.0,data/landmarks/train/00925_class11.npy
926,0,Point-1f,210,1.0,data/landmarks/train/00926_class0.npy
927,3,Click-2f,43,1.0,data/landmarks/train/00927_class3.npy
928,1,Point-2f,253,1.0,data/landmarks/train/00928_class1.npy
929,5,Throw-down,22,1.0,data/landmarks/train/00929_class5.npy
930,12,Zoom-out,42,0.9333333333333333,data/landmarks/train/00930_class12.npy
931,1,Point-2f,119,0.7727272727272727,data/landmarks/train/00931_class1.npy
932,8,Open-twice,23,1.0,data/landmarks/train/00932_class8.npy
933,1,Point-2f,125,0.7309941520467836,data/landmarks/train/00933_class1.npy
934,7,Throw-right,56,0.9655172413793104,data/landmarks/train/00934_class7.npy
935,0,Point-1f,148,0.8505747126436781,data/landmarks/train/00935_class0.npy
936,4,Throw-up,28,0.8235294117647058,data/landmarks/train/00936_class4.npy
937,0,Point-1f,157,0.9936708860759493,data/landmarks/train/00937_class0.npy
938,9,DblClick-1f,49,0.9423076923076923,data/landmarks/train/00938_class9.npy
939,1,Point-2f,152,0.7794871794871795,data/landmarks/train/00939_class1.npy
940,11,Zoom-in,39,1.0,data/landmarks/train/00940_class11.npy
941,0,Point-1f,196,0.9074074074074074,data/landmarks/train/00941_class0.npy
942,5,Throw-down,68,0.918918918918919,data/landmarks/train/00942_class5.npy
943,1,Point-2f,125,0.7668711656441718,data/landmarks/train/00943_class1.npy
944,6,Throw-left,50,0.8771929824561403,data/landmarks/train/00944_class6.npy
945,0,Point-1f,121,0.9029850746268657,data/landmarks/train/00945_class0.npy
946,10,DblClick-2f,57,0.9661016949152542,data/landmarks/train/00946_class10.npy
947,0,Point-1f,119,0.8814814814814815,data/landmarks/train/00947_class0.npy
948,2,Click-1f,30,0.8823529411764706,data/landmarks/train/00948_class2.npy
949,1,Point-2f,96,0.7058823529411765,data/landmarks/train/00949_class1.npy
950,3,Click-2f,14,0.7777777777777778,data/landmarks/train/00950_class3.npy
951,6,Throw-left,61,0.9682539682539683,data/landmarks/train/00951_class6.npy
952,1,Point-2f,121,0.8962962962962963,data/landmarks/train/00952_class1.npy
953,9,DblClick-1f,27,0.9310344827586207,data/landmarks/train/00953_class9.npy
954,0,Point-1f,127,0.8819444444444444,data/landmarks/train/00954_class0.npy
955,7,Throw-right,68,0.918918918918919,data/landmarks/train/00955_class7.npy
956,1,Point-2f,125,0.8620689655172413,data/landmarks/train/00956_class1.npy
957,5,Throw-down,33,0.825,data/landmarks/train/00957_class5.npy
958,1,Point-2f,120,0.8391608391608392,data/landmarks/train/00958_class1.npy
959,8,Open-twice,42,1.0,data/landmarks/train/00959_class8.npy
960,1,Point-2f,159,0.9034090909090909,data/landmarks/train/00960_class1.npy
961,3,Click-2f,27,0.9642857142857143,data/landmarks/train/00961_class3.npy
962,0,Point-1f,137,0.8509316770186336,data/landmarks/train/00962_class0.npy
963,12,Zoom-out,29,1.0,data/landmarks/train/00963_class12.npy
964,0,Point-1f,184,0.8932038834951457,data/landmarks/train/00964_class0.npy
965,10,DblClick-2f,69,0.9857142857142858,data/landmarks/train/00965_class10.npy
966,0,Point-1f,138,0.8165680473372781,data/landmarks/train/00966_class0.npy
967,11,Zoom-in,60,0.9836065573770492,data/landmarks/train/00967_class11.npy
968,1,Point-2f,133,0.7869822485207101,data/landmarks/train/00968_class1.npy
969,2,Click-1f,38,1.0,data/landmarks/train/00969_class2.npy
970,0,Point-1f,121,0.8768115942028986,data/landmarks/train/00970_class0.npy
971,4,Throw-up,60,0.8571428571428571,data/landmarks/train/00971_class4.npy
972,7,Throw-right,45,0.7258064516129032,data/landmarks/train/00972_class7.npy
973,0,Point-1f,92,0.8141592920353983,data/landmarks/train/00973_class0.npy
974,6,Throw-left,53,0.9636363636363636,data/landmarks/train/00974_class6.npy
975,1,Point-2f,115,0.7467532467532467,data/landmarks/train/00975_class1.npy
976,10,DblClick-2f,22,0.88,data/landmarks/train/00976_class10.npy
977,1,Point-2f,156,0.8432432432432433,data/landmarks/train/00977_class1.npy
978,8,Open-twice,30,1.0,data/landmarks/train/00978_class8.npy
979,1,Point-2f,138,0.7419354838709677,data/landmarks/train/00979_class1.npy
980,2,Click-1f,12,0.8571428571428571,data/landmarks/train/00980_class2.npy
981,0,Point-1f,188,0.7258687258687259,data/landmarks/train/00981_class0.npy
982,12,Zoom-out,89,1.0,data/landmarks/train/00982_class12.npy
983,0,Point-1f,142,0.8819875776397516,data/landmarks/train/00983_class0.npy
984,3,Click-2f,36,0.8780487804878049,data/landmarks/train/00984_class3.npy
985,0,Point-1f,102,0.8360655737704918,data/landmarks/train/00985_class0.npy
986,4,Throw-up,62,0.9393939393939394,data/landmarks/train/00986_class4.npy
987,1,Point-2f,104,0.697986577181208,data/landmarks/train/00987_class1.npy
988,9,DblClick-1f,26,0.6046511627906976,data/landmarks/train/00988_class9.npy
989,1,Point-2f,105,0.7142857142857143,data/landmarks/train/00989_class1.npy
990,11,Zoom-in,56,0.9655172413793104,data/landmarks/train/00990_class11.npy
991,0,Point-1f,111,0.9098360655737705,data/landmarks/train/00991_class0.npy
992,5,Throw-down,16,0.5333333333333333,data/landmarks/train/00992_class5.npy
993,5,Throw-down,8,0.2,data/landmarks/train/00993_class5.npy
994,0,Point-1f,113,0.8188405797101449,data/landmarks/train/00994_class0.npy
995,6,Throw-left,42,1.0,data/landmarks/train/00995_class6.npy
996,0,Point-1f,158,0.9753086419753086,data/landmarks/train/00996_class0.npy
997,11,Zoom-in,62,1.0,data/landmarks/train/00997_class11.npy
998,0,Point-1f,132,0.8354430379746836,data/landmarks/train/00998_class0.npy
999,8,Open-twice,62,1.0,data/landmarks/train/00999_class8.npy
1000,1,Point-2f,186,0.7782426778242678,data/landmarks/train/01000_class1.npy
1001,3,Click-2f,23,0.92,data/landmarks/train/01001_class3.npy
1002,1,Point-2f,126,0.6528497409326425,data/landmarks/train/01002_class1.npy
1003,12,Zoom-out,41,1.0,data/landmarks/train/01003_class12.npy
1004,1,Point-2f,112,0.5463414634146342,data/landmarks/train/01004_class1.npy
1005,10,DblClick-2f,35,0.7777777777777778,data/landmarks/train/01005_class10.npy
1006,0,Point-1f,110,0.8461538461538461,data/landmarks/train/01006_class0.npy
1007,4,Throw-up,58,0.8923076923076924,data/landmarks/train/01007_class4.npy
1008,0,Point-1f,146,0.8848484848484849,data/landmarks/train/01008_class0.npy
1009,7,Throw-right,65,0.8227848101265823,data/landmarks/train/01009_class7.npy
1010,1,Point-2f,98,0.7101449275362319,data/landmarks/train/01010_class1.npy
1011,2,Click-1f,48,0.9795918367346939,data/landmarks/train/01011_class2.npy
1012,1,Point-2f,150,0.8287292817679558,data/landmarks/train/01012_class1.npy
1013,9,DblClick-1f,26,0.9285714285714286,data/landmarks/train/01013_class9.npy
1014,11,Zoom-in,50,0.9803921568627451,data/landmarks/train/01014_class11.npy
1015,0,Point-1f,170,0.776255707762557,data/landmarks/train/01015_class0.npy
1016,3,Click-2f,44,0.9565217391304348,data/landmarks/train/01016_class3.npy
1017,1,Point-2f,173,0.7521739130434782,data/landmarks/train/01017_class1.npy
1018,9,DblClick-1f,52,0.7428571428571429,data/landmarks/train/01018_class9.npy
1019,1,Point-2f,170,0.783410138248848,data/landmarks/train/01019_class1.npy
1020,8,Open-twice,58,0.9508196721311475,data/landmarks/train/01020_class8.npy
1021,0,Point-1f,164,0.8324873096446701,data/landmarks/train/01021_class0.npy
1022,7,Throw-right,59,0.921875,data/landmarks/train/01022_class7.npy
1023,1,Point-2f,213,0.7634408602150538,data/landmarks/train/01023_class1.npy
1024,5,Throw-down,58,0.90625,data/landmarks/train/01024_class5.npy
1025,0,Point-1f,144,0.6824644549763034,data/landmarks/train/01025_class0.npy
1026,6,Throw-left,73,0.8902439024390244,data/landmarks/train/01026_class6.npy
1027,1,Point-2f,268,0.8874172185430463,data/landmarks/train/01027_class1.npy
1028,12,Zoom-out,45,1.0,data/landmarks/train/01028_class12.npy
1029,0,Point-1f,181,0.9329896907216495,data/landmarks/train/01029_class0.npy
1030,2,Click-1f,44,0.9565217391304348,data/landmarks/train/01030_class2.npy
1031,0,Point-1f,253,0.9656488549618321,data/landmarks/train/01031_class0.npy
1032,10,DblClick-2f,58,0.9830508474576272,data/landmarks/train/01032_class10.npy
1033,1,Point-2f,197,0.985,data/landmarks/train/01033_class1.npy
1034,4,Throw-up,39,0.975,data/landmarks/train/01034_class4.npy
1035,5,Throw-down,60,0.9836065573770492,data/landmarks/train/01035_class5.npy
1036,1,Point-2f,135,0.6367924528301887,data/landmarks/train/01036_class1.npy
1037,10,DblClick-2f,25,0.5952380952380952,data/landmarks/train/01037_class10.npy
1038,1,Point-2f,136,0.6699507389162561,data/landmarks/train/01038_class1.npy
1039,3,Click-2f,55,0.632183908045977,data/landmarks/train/01039_class3.npy
1040,1,Point-2f,130,0.6435643564356436,data/landmarks/train/01040_class1.npy
1041,11,Zoom-in,29,0.8529411764705882,data/landmarks/train/01041_class11.npy
1042,0,Point-1f,217,0.735593220338983,data/landmarks/train/01042_class0.npy
1043,4,Throw-up,45,0.8823529411764706,data/landmarks/train/01043_class4.npy
1044,1,Point-2f,159,0.726027397260274,data/landmarks/train/01044_class1.npy
1045,2,Click-1f,41,0.6949152542372882,data/landmarks/train/01045_class2.npy
1046,0,Point-1f,140,0.5957446808510638,data/landmarks/train/01046_class0.npy
1047,12,Zoom-out,83,0.83,data/landmarks/train/01047_class12.npy
1048,0,Point-1f,100,0.684931506849315,data/landmarks/train/01048_class0.npy
1049,7,Throw-right,61,0.8970588235294118,data/landmarks/train/01049_class7.npy
1050,0,Point-1f,146,0.6375545851528385,data/landmarks/train/01050_class0.npy
1051,9,DblClick-1f,54,0.782608695652174,data/landmarks/train/01051_class9.npy
1052,1,Point-2f,114,0.5846153846153846,data/landmarks/train/01052_class1.npy
1053,8,Open-twice,64,1.0,data/landmarks/train/01053_class8.npy
1054,0,Point-1f,200,0.91324200913242,data/landmarks/train/01054_class0.npy
1055,6,Throw-left,28,0.7777777777777778,data/landmarks/train/01055_class6.npy
1056,12,Zoom-out,49,1.0,data/landmarks/train/01056_class12.npy
1057,1,Point-2f,166,0.5570469798657718,data/landmarks/train/01057_class1.npy
1058,3,Click-2f,45,0.9375,data/landmarks/train/01058_class3.npy
1059,0,Point-1f,180,0.631578947368421,data/landmarks/train/01059_class0.npy
1060,5,Throw-down,66,0.9565217391304348,data/landmarks/train/01060_class5.npy
1061,0,Point-1f,160,0.7766990291262136,data/landmarks/train/01061_class0.npy
1062,9,DblClick-1f,38,0.9743589743589743,data/landmarks/train/01062_class9.npy
1063,0,Point-1f,111,0.6379310344827587,data/landmarks/train/01063_class0.npy
1064,2,Click-1f,20,0.5405405405405406,data/landmarks/train/01064_class2.npy
1065,0,Point-1f,139,0.6150442477876106,data/landmarks/train/01065_class0.npy
1066,8,Open-twice,64,1.0,data/landmarks/train/01066_class8.npy
1067,0,Point-1f,137,0.7025641025641025,data/landmarks/train/01067_class0.npy
1068,10,DblClick-2f,41,0.7192982456140351,data/landmarks/train/01068_class10.npy
1069,1,Point-2f,112,0.6292134831460674,data/landmarks/train/01069_class1.npy
1070,11,Zoom-in,49,1.0,data/landmarks/train/01070_class11.npy
1071,1,Point-2f,143,0.6033755274261603,data/landmarks/train/01071_class1.npy
1072,4,Throw-up,60,0.8823529411764706,data/landmarks/train/01072_class4.npy
1073,1,Point-2f,137,0.4875444839857651,data/landmarks/train/01073_class1.npy
1074,7,Throw-right,40,0.8333333333333334,data/landmarks/train/01074_class7.npy
1075,1,Point-2f,118,0.5870646766169154,data/landmarks/train/01075_class1.npy
1076,6,Throw-left,18,0.8181818181818182,data/landmarks/train/01076_class6.npy
1077,7,Throw-right,32,0.8,data/landmarks/train/01077_class7.npy
1078,0,Point-1f,116,0.5979381443298969,data/landmarks/train/01078_class0.npy
1079,6,Throw-left,37,0.9024390243902439,data/landmarks/train/01079_class6.npy
1080,0,Point-1f,158,0.7314814814814815,data/landmarks/train/01080_class0.npy
1081,8,Open-twice,72,1.0,data/landmarks/train/01081_class8.npy
1082,0,Point-1f,129,0.75,data/landmarks/train/01082_class0.npy
1083,9,DblClick-1f,62,0.7654320987654321,data/landmarks/train/01083_class9.npy
1084,1,Point-2f,181,0.6728624535315985,data/landmarks/train/01084_class1.npy
1085,11,Zoom-in,43,0.9772727272727273,data/landmarks/train/01085_class11.npy
1086,1,Point-2f,107,0.49537037037037035,data/landmarks/train/01086_class1.npy
1087,12,Zoom-out,47,1.0,data/landmarks/train/01087_class12.npy
1088,1,Point-2f,211,0.8022813688212928,data/landmarks/train/01088_class1.npy
1089,2,Click-1f,42,0.7777777777777778,data/landmarks/train/01089_class2.npy
1090,1,Point-2f,139,0.695,data/landmarks/train/01090_class1.npy
1091,4,Throw-up,53,0.9464285714285714,data/landmarks/train/01091_class4.npy
1092,1,Point-2f,124,0.5961538461538461,data/landmarks/train/01092_class1.npy
1093,5,Throw-down,70,0.958904109589041,data/landmarks/train/01093_class5.npy
1094,0,Point-1f,169,0.786046511627907,data/landmarks/train/01094_class0.npy
1095,10,DblClick-2f,47,0.7014925373134329,data/landmarks/train/01095_class10.npy
1096,0,Point-1f,165,0.7568807339449541,data/landmarks/train/01096_class0.npy
1097,3,Click-2f,45,0.9375,data/landmarks/train/01097_class3.npy
1098,4,Throw-up,41,0.9761904761904762,data/landmarks/train/01098_class4.npy
1099,0,Point-1f,286,0.9407894736842105,data/landmarks/train/01099_class0.npy
1100,5,Throw-down,35,0.9722222222222222,data/landmarks/train/01100_class5.npy
1101,0,Point-1f,318,0.9845201238390093,data/landmarks/train/01101_class0.npy
1102,12,Zoom-out,19,1.0,data/landmarks/train/01102_class12.npy
1103,1,Point-2f,208,0.9244444444444444,data/landmarks/train/01103_class1.npy
1104,2,Click-1f,19,0.7916666666666666,data/landmarks/train/01104_class2.npy
1105,1,Point-2f,243,0.8933823529411765,data/landmarks/train/01105_class1.npy
1106,10,DblClick-2f,44,0.9565217391304348,data/landmarks/train/01106_class10.npy
1107,0,Point-1f,260,1.0,data/landmarks/train/01107_class0.npy
1108,11,Zoom-in,37,1.0,data/landmarks/train/01108_class11.npy
1109,1,Point-2f,237,0.9221789883268483,data/landmarks/train/01109_class1.npy
1110,3,Click-2f,42,0.9767441860465116,data/landmarks/train/01110_class3.npy
1111,1,Point-2f,222,1.0,data/landmarks/train/01111_class1.npy
1112,9,DblClick-1f,54,1.0,data/landmarks/train/01112_class9.npy
1113,0,Point-1f,389,0.9974358974358974,data/landmarks/train/01113_class0.npy
1114,6,Throw-left,56,0.9655172413793104,data/landmarks/train/01114_class6.npy
1115,1,Point-2f,227,0.8901960784313725,data/landmarks/train/01115_class1.npy
1116,8,Open-twice,38,1.0,data/landmarks/train/01116_class8.npy
1117,0,Point-1f,205,1.0,data/landmarks/train/01117_class0.npy
1118,7,Throw-right,30,0.8823529411764706,data/landmarks/train/01118_class7.npy
1119,8,Open-twice,35,0.9722222222222222,data/landmarks/train/01119_class8.npy
1120,1,Point-2f,312,0.9968051118210862,data/landmarks/train/01120_class1.npy
1121,9,DblClick-1f,36,1.0,data/landmarks/train/01121_class9.npy
1122,0,Point-1f,246,1.0,data/landmarks/train/01122_class0.npy
1123,6,Throw-left,50,1.0,data/landmarks/train/01123_class6.npy
1124,0,Point-1f,246,1.0,data/landmarks/train/01124_class0.npy
1125,12,Zoom-out,19,1.0,data/landmarks/train/01125_class12.npy
1126,0,Point-1f,228,1.0,data/landmarks/train/01126_class0.npy
1127,11,Zoom-in,28,1.0,data/landmarks/train/01127_class11.npy
1128,1,Point-2f,257,0.9961240310077519,data/landmarks/train/01128_class1.npy
1129,3,Click-2f,19,1.0,data/landmarks/train/01129_class3.npy
1130,1,Point-2f,340,1.0,data/landmarks/train/01130_class1.npy
1131,10,DblClick-2f,46,0.9787234042553191,data/landmarks/train/01131_class10.npy
1132,1,Point-2f,248,1.0,data/landmarks/train/01132_class1.npy
1133,7,Throw-right,27,0.9642857142857143,data/landmarks/train/01133_class7.npy
1134,1,Point-2f,313,1.0,data/landmarks/train/01134_class1.npy
1135,2,Click-1f,23,1.0,data/landmarks/train/01135_class2.npy
1136,0,Point-1f,155,1.0,data/landmarks/train/01136_class0.npy
1137,5,Throw-down,36,1.0,data/landmarks/train/01137_class5.npy
1138,0,Point-1f,137,1.0,data/landmarks/train/01138_class0.npy
1139,4,Throw-up,30,1.0,data/landmarks/train/01139_class4.npy
1140,10,DblClick-2f,51,1.0,data/landmarks/train/01140_class10.npy
1141,0,Point-1f,273,1.0,data/landmarks/train/01141_class0.npy
1142,6,Throw-left,33,1.0,data/landmarks/train/01142_class6.npy
1143,0,Point-1f,226,1.0,data/landmarks/train/01143_class0.npy
1144,5,Throw-down,42,1.0,data/landmarks/train/01144_class5.npy
1145,0,Point-1f,206,1.0,data/landmarks/train/01145_class0.npy
1146,8,Open-twice,48,1.0,data/landmarks/train/01146_class8.npy
1147,1,Point-2f,271,1.0,data/landmarks/train/01147_class1.npy
1148,4,Throw-up,34,1.0,data/landmarks/train/01148_class4.npy
1149,1,Point-2f,307,1.0,data/landmarks/train/01149_class1.npy
1150,3,Click-2f,23,1.0,data/landmarks/train/01150_class3.npy
1151,1,Point-2f,177,1.0,data/landmarks/train/01151_class1.npy
1152,7,Throw-right,31,0.96875,data/landmarks/train/01152_class7.npy
1153,1,Point-2f,266,1.0,data/landmarks/train/01153_class1.npy
1154,11,Zoom-in,23,1.0,data/landmarks/train/01154_class11.npy
1155,1,Point-2f,172,1.0,data/landmarks/train/01155_class1.npy
1156,12,Zoom-out,25,1.0,data/landmarks/train/01156_class12.npy
1157,0,Point-1f,240,1.0,data/landmarks/train/01157_class0.npy
1158,2,Click-1f,26,1.0,data/landmarks/train/01158_class2.npy
1159,0,Point-1f,392,1.0,data/landmarks/train/01159_class0.npy
1160,9,DblClick-1f,63,1.0,data/landmarks/train/01160_class9.npy
1161,7,Throw-right,57,0.9827586206896551,data/landmarks/train/01161_class7.npy
1162,1,Point-2f,287,1.0,data/landmarks/train/01162_class1.npy
1163,5,Throw-down,55,0.9821428571428571,data/landmarks/train/01163_class5.npy
1164,0,Point-1f,355,1.0,data/landmarks/train/01164_class0.npy
1165,8,Open-twice,58,1.0,data/landmarks/train/01165_class8.npy
1166,0,Point-1f,295,0.9276729559748428,data/landmarks/train/01166_class0.npy
1167,10,DblClick-2f,71,1.0,data/landmarks/train/01167_class10.npy
1168,0,Point-1f,257,1.0,data/landmarks/train/01168_class0.npy
1169,3,Click-2f,33,1.0,data/landmarks/train/01169_class3.npy
1170,1,Point-2f,315,1.0,data/landmarks/train/01170_class1.npy
1171,4,Throw-up,47,1.0,data/landmarks/train/01171_class4.npy
1172,1,Point-2f,286,1.0,data/landmarks/train/01172_class1.npy
1173,6,Throw-left,48,1.0,data/landmarks/train/01173_class6.npy
1174,0,Point-1f,233,1.0,data/landmarks/train/01174_class0.npy
1175,11,Zoom-in,44,1.0,data/landmarks/train/01175_class11.npy
1176,0,Point-1f,194,0.8981481481481481,data/landmarks/train/01176_class0.npy
1177,2,Click-1f,55,1.0,data/landmarks/train/01177_class2.npy
1178,1,Point-2f,147,1.0,data/landmarks/train/01178_class1.npy
1179,12,Zoom-out,38,1.0,data/landmarks/train/01179_class12.npy
1180,0,Point-1f,20,1.0,data/landmarks/train/01180_class0.npy
1181,1,Point-2f,191,1.0,data/landmarks/train/01181_class1.npy
1182,9,DblClick-1f,44,1.0,data/landmarks/train/01182_class9.npy
1183,4,Throw-up,75,0.9375,data/landmarks/train/01183_class4.npy
1184,1,Point-2f,248,1.0,data/landmarks/train/01184_class1.npy
1185,5,Throw-down,90,0.967741935483871,data/landmarks/train/01185_class5.npy
1186,0,Point-1f,260,1.0,data/landmarks/train/01186_class0.npy
1187,6,Throw-left,88,1.0,data/landmarks/train/01187_class6.npy
1188,1,Point-2f,219,1.0,data/landmarks/train/01188_class1.npy
1189,7,Throw-right,80,1.0,data/landmarks/train/01189_class7.npy
1190,0,Point-1f,200,1.0,data/landmarks/train/01190_class0.npy
1191,10,DblClick-2f,75,0.9868421052631579,data/landmarks/train/01191_class10.npy
1192,1,Point-2f,253,1.0,data/landmarks/train/01192_class1.npy
1193,8,Open-twice,149,1.0,data/landmarks/train/01193_class8.npy
1194,0,Point-1f,215,1.0,data/landmarks/train/01194_class0.npy
1195,9,DblClick-1f,106,0.9906542056074766,data/landmarks/train/01195_class9.npy
1196,1,Point-2f,258,1.0,data/landmarks/train/01196_class1.npy
1197,3,Click-2f,94,1.0,data/landmarks/train/01197_class3.npy
1198,0,Point-1f,233,1.0,data/landmarks/train/01198_class0.npy
1199,2,Click-1f,80,1.0,data/landmarks/train/01199_class2.npy
1200,1,Point-2f,216,1.0,data/landmarks/train/01200_class1.npy
1201,11,Zoom-in,77,0.9746835443037974,data/landmarks/train/01201_class11.npy
1202,0,Point-1f,225,1.0,data/landmarks/train/01202_class0.npy
1203,12,Zoom-out,72,1.0,data/landmarks/train/01203_class12.npy
1204,12,Zoom-out,90,0.9782608695652174,data/landmarks/train/01204_class12.npy
1205,1,Point-2f,192,0.7058823529411765,data/landmarks/train/01205_class1.npy
1206,6,Throw-left,93,1.0,data/landmarks/train/01206_class6.npy
1207,1,Point-2f,181,0.6988416988416989,data/landmarks/train/01207_class1.npy
1208,4,Throw-up,101,1.0,data/landmarks/train/01208_class4.npy
1209,0,Point-1f,172,0.8037383177570093,data/landmarks/train/01209_class0.npy
1210,9,DblClick-1f,67,1.0,data/landmarks/train/01210_class9.npy
1211,0,Point-1f,162,0.5765124555160143,data/landmarks/train/01211_class0.npy
1212,8,Open-twice,125,0.9765625,data/landmarks/train/01212_class8.npy
1213,0,Point-1f,214,0.8326848249027238,data/landmarks/train/01213_class0.npy
1214,3,Click-2f,67,1.0,data/landmarks/train/01214_class3.npy
1215,1,Point-2f,184,0.7104247104247104,data/landmarks/train/01215_class1.npy
1216,5,Throw-down,87,0.9666666666666667,data/landmarks/train/01216_class5.npy
1217,1,Point-2f,171,0.7402597402597403,data/landmarks/train/01217_class1.npy
1218,10,DblClick-2f,128,0.9846153846153847,data/landmarks/train/01218_class10.npy
1219,0,Point-1f,210,0.8467741935483871,data/landmarks/train/01219_class0.npy
1220,2,Click-1f,91,1.0,data/landmarks/train/01220_class2.npy
1221,0,Point-1f,187,0.7923728813559322,data/landmarks/train/01221_class0.npy
1222,7,Throw-right,84,1.0,data/landmarks/train/01222_class7.npy
1223,1,Point-2f,196,0.7903225806451613,data/landmarks/train/01223_class1.npy
1224,11,Zoom-in,56,1.0,data/landmarks/train/01224_class11.npy
1225,11,Zoom-in,75,0.974025974025974,data/landmarks/train/01225_class11.npy
1226,0,Point-1f,183,0.7991266375545851,data/landmarks/train/01226_class0.npy
1227,3,Click-2f,78,1.0,data/landmarks/train/01227_class3.npy
1228,1,Point-2f,153,0.7083333333333334,data/landmarks/train/01228_class1.npy
1229,7,Throw-right,102,1.0,data/landmarks/train/01229_class7.npy
1230,1,Point-2f,195,0.8227848101265823,data/landmarks/train/01230_class1.npy
1231,12,Zoom-out,91,1.0,data/landmarks/train/01231_class12.npy
1232,1,Point-2f,150,0.7246376811594203,data/landmarks/train/01232_class1.npy
1233,5,Throw-down,72,0.6728971962616822,data/landmarks/train/01233_class5.npy
1234,0,Point-1f,155,0.7345971563981043,data/landmarks/train/01234_class0.npy
1235,10,DblClick-2f,111,1.0,data/landmarks/train/01235_class10.npy
1236,0,Point-1f,139,0.7513513513513513,data/landmarks/train/01236_class0.npy
1237,8,Open-twice,123,0.9919354838709677,data/landmarks/train/01237_class8.npy
1238,1,Point-2f,215,0.8531746031746031,data/landmarks/train/01238_class1.npy
1239,9,DblClick-1f,99,1.0,data/landmarks/train/01239_class9.npy
1240,1,Point-2f,161,0.8298969072164949,data/landmarks/train/01240_class1.npy
1241,4,Throw-up,81,0.9878048780487805,data/landmarks/train/01241_class4.npy
1242,0,Point-1f,190,0.8796296296296297,data/landmarks/train/01242_class0.npy
1243,6,Throw-left,79,0.9634146341463414,data/landmarks/train/01243_class6.npy
1244,0,Point-1f,173,0.9611111111111111,data/landmarks/train/01244_class0.npy
1245,2,Click-1f,40,1.0,data/landmarks/train/01245_class2.npy
1246,2,Click-1f,83,0.9880952380952381,data/landmarks/train/01246_class2.npy
1247,0,Point-1f,167,0.6844262295081968,data/landmarks/train/01247_class0.npy
1248,10,DblClick-2f,87,0.9157894736842105,data/landmarks/train/01248_class10.npy
1249,1,Point-2f,176,0.775330396475771,data/landmarks/train/01249_class1.npy
1250,4,Throw-up,89,1.0,data/landmarks/train/01250_class4.npy
1251,0,Point-1f,180,0.7142857142857143,data/landmarks/train/01251_class0.npy
1252,7,Throw-right,86,0.9772727272727273,data/landmarks/train/01252_class7.npy
1253,1,Point-2f,207,0.7392857142857143,data/landmarks/train/01253_class1.npy
1254,8,Open-twice,114,1.0,data/landmarks/train/01254_class8.npy
1255,0,Point-1f,216,0.8275862068965517,data/landmarks/train/01255_class0.npy
1256,3,Click-2f,70,0.9722222222222222,data/landmarks/train/01256_class3.npy
1257,1,Point-2f,234,0.8731343283582089,data/landmarks/train/01257_class1.npy
1258,11,Zoom-in,82,0.9879518072289156,data/landmarks/train/01258_class11.npy
1259,0,Point-1f,216,0.8212927756653993,data/landmarks/train/01259_class0.npy
1260,9,DblClick-1f,101,1.0,data/landmarks/train/01260_class9.npy
1261,1,Point-2f,179,0.7246963562753036,data/landmarks/train/01261_class1.npy
1262,12,Zoom-out,81,1.0,data/landmarks/train/01262_class12.npy
1263,0,Point-1f,177,0.7901785714285714,data/landmarks/train/01263_class0.npy
1264,5,Throw-down,72,0.972972972972973,data/landmarks/train/01264_class5.npy
1265,1,Point-2f,158,0.7559808612440191,data/landmarks/train/01265_class1.npy
1266,6,Throw-left,67,1.0,data/landmarks/train/01266_class6.npy
1267,2,Click-1f,48,0.9795918367346939,data/landmarks/train/01267_class2.npy
1268,0,Point-1f,311,1.0,data/landmarks/train/01268_class0.npy
1269,8,Open-twice,70,1.0,data/landmarks/train/01269_class8.npy
1270,0,Point-1f,202,1.0,data/landmarks/train/01270_class0.npy
1271,4,Throw-up,68,0.9855072463768116,data/landmarks/train/01271_class4.npy
1272,1,Point-2f,228,1.0,data/landmarks/train/01272_class1.npy
1273,3,Click-2f,52,1.0,data/landmarks/train/01273_class3.npy
1274,1,Point-2f,433,1.0,data/landmarks/train/01274_class1.npy
1275,11,Zoom-in,125,1.0,data/landmarks/train/01275_class11.npy
1276,1,Point-2f,290,1.0,data/landmarks/train/01276_class1.npy
1277,10,DblClick-2f,53,0.9814814814814815,data/landmarks/train/01277_class10.npy
1278,1,Point-2f,178,1.0,data/landmarks/train/01278_class1.npy
1279,12,Zoom-out,77,0.9871794871794872,data/landmarks/train/01279_class12.npy
1280,0,Point-1f,303,1.0,data/landmarks/train/01280_class0.npy
1281,6,Throw-left,100,1.0,data/landmarks/train/01281_class6.npy
1282,0,Point-1f,201,1.0,data/landmarks/train/01282_class0.npy
1283,7,Throw-right,74,0.9736842105263158,data/landmarks/train/01283_class7.npy
1284,0,Point-1f,217,1.0,data/landmarks/train/01284_class0.npy
1285,5,Throw-down,91,0.9891304347826086,data/landmarks/train/01285_class5.npy
1286,1,Point-2f,192,0.9948186528497409,data/landmarks/train/01286_class1.npy
1287,9,DblClick-1f,65,1.0,data/landmarks/train/01287_class9.npy
1288,12,Zoom-out,70,0.9859154929577465,data/landmarks/train/01288_class12.npy
1289,1,Point-2f,183,1.0,data/landmarks/train/01289_class1.npy
1290,4,Throw-up,107,1.0,data/landmarks/train/01290_class4.npy
1291,1,Point-2f,208,1.0,data/landmarks/train/01291_class1.npy
1292,6,Throw-left,71,1.0,data/landmarks/train/01292_class6.npy
1293,0,Point-1f,164,1.0,data/landmarks/train/01293_class0.npy
1294,9,DblClick-1f,117,1.0,data/landmarks/train/01294_class9.npy
1295,1,Point-2f,252,1.0,data/landmarks/train/01295_class1.npy
1296,11,Zoom-in,62,1.0,data/landmarks/train/01296_class11.npy
1297,0,Point-1f,185,1.0,data/landmarks/train/01297_class0.npy
1298,2,Click-1f,165,0.9880239520958084,data/landmarks/train/01298_class2.npy
1299,1,Point-2f,224,1.0,data/landmarks/train/01299_class1.npy
1300,3,Click-2f,73,0.9864864864864865,data/landmarks/train/01300_class3.npy
1301,0,Point-1f,352,1.0,data/landmarks/train/01301_class0.npy
1302,5,Throw-down,109,1.0,data/landmarks/train/01302_class5.npy
1303,0,Point-1f,210,1.0,data/landmarks/train/01303_class0.npy
1304,10,DblClick-2f,102,1.0,data/landmarks/train/01304_class10.npy
1305,0,Point-1f,240,1.0,data/landmarks/train/01305_class0.npy
1306,8,Open-twice,81,1.0,data/landmarks/train/01306_class8.npy
1307,1,Point-2f,184,1.0,data/landmarks/train/01307_class1.npy
1308,7,Throw-right,49,0.98,data/landmarks/train/01308_class7.npy
1309,8,Open-twice,97,0.9897959183673469,data/landmarks/train/01309_class8.npy
1310,1,Point-2f,225,1.0,data/landmarks/train/01310_class1.npy
1311,6,Throw-left,49,0.9423076923076923,data/landmarks/train/01311_class6.npy
1312,0,Point-1f,229,1.0,data/landmarks/train/01312_class0.npy
1313,11,Zoom-in,50,1.0,data/landmarks/train/01313_class11.npy
1314,0,Point-1f,223,1.0,data/landmarks/train/01314_class0.npy
1315,5,Throw-down,52,0.9629629629629629,data/landmarks/train/01315_class5.npy
1316,0,Point-1f,239,1.0,data/landmarks/train/01316_class0.npy
1317,12,Zoom-out,68,1.0,data/landmarks/train/01317_class12.npy
1318,1,Point-2f,172,1.0,data/landmarks/train/01318_class1.npy
1319,4,Throw-up,112,1.0,data/landmarks/train/01319_class4.npy
1320,1,Point-2f,615,0.9871589085072231,data/landmarks/train/01320_class1.npy
1321,7,Throw-right,95,0.979381443298969,data/landmarks/train/01321_class7.npy
1322,0,Point-1f,223,1.0,data/landmarks/train/01322_class0.npy
1323,10,DblClick-2f,92,1.0,data/landmarks/train/01323_class10.npy
1324,1,Point-2f,311,0.9967948717948718,data/landmarks/train/01324_class1.npy
1325,2,Click-1f,62,1.0,data/landmarks/train/01325_class2.npy
1326,0,Point-1f,230,1.0,data/landmarks/train/01326_class0.npy
1327,9,DblClick-1f,78,1.0,data/landmarks/train/01327_class9.npy
1328,1,Point-2f,180,1.0,data/landmarks/train/01328_class1.npy
1329,3,Click-2f,43,1.0,data/landmarks/train/01329_class3.npy
1330,9,DblClick-1f,94,0.9791666666666666,data/landmarks/train/01330_class9.npy
1331,1,Point-2f,263,1.0,data/landmarks/train/01331_class1.npy
1332,10,DblClick-2f,60,0.9523809523809523,data/landmarks/train/01332_class10.npy
1333,1,Point-2f,246,0.9959514170040485,data/landmarks/train/01333_class1.npy
1334,3,Click-2f,95,1.0,data/landmarks/train/01334_class3.npy
1335,0,Point-1f,184,1.0,data/landmarks/train/01335_class0.npy
1336,2,Click-1f,75,1.0,data/landmarks/train/01336_class2.npy
1337,0,Point-1f,271,1.0,data/landmarks/train/01337_class0.npy
1338,6,Throw-left,90,0.967741935483871,data/landmarks/train/01338_class6.npy
1339,1,Point-2f,246,0.9919354838709677,data/landmarks/train/01339_class1.npy
1340,4,Throw-up,96,1.0,data/landmarks/train/01340_class4.npy
1341,0,Point-1f,438,1.0,data/landmarks/train/01341_class0.npy
1342,11,Zoom-in,85,0.9883720930232558,data/landmarks/train/01342_class11.npy
1343,1,Point-2f,246,0.9879518072289156,data/landmarks/train/01343_class1.npy
1344,7,Throw-right,92,1.0,data/landmarks/train/01344_class7.npy
1345,0,Point-1f,271,1.0,data/landmarks/train/01345_class0.npy
1346,5,Throw-down,101,1.0,data/landmarks/train/01346_class5.npy
1347,1,Point-2f,198,0.9850746268656716,data/landmarks/train/01347_class1.npy
1348,8,Open-twice,88,1.0,data/landmarks/train/01348_class8.npy
1349,0,Point-1f,159,0.99375,data/landmarks/train/01349_class0.npy
1350,12,Zoom-out,59,1.0,data/landmarks/train/01350_class12.npy
1351,12,Zoom-out,51,0.9272727272727272,data/landmarks/train/01351_class12.npy
1352,1,Point-2f,188,0.9215686274509803,data/landmarks/train/01352_class1.npy
1353,8,Open-twice,102,1.0,data/landmarks/train/01353_class8.npy
1354,1,Point-2f,187,0.9303482587064676,data/landmarks/train/01354_class1.npy
1355,3,Click-2f,95,1.0,data/landmarks/train/01355_class3.npy
1356,0,Point-1f,190,0.9743589743589743,data/landmarks/train/01356_class0.npy
1357,6,Throw-left,95,0.979381443298969,data/landmarks/train/01357_class6.npy
1358,1,Point-2f,228,0.9306122448979591,data/landmarks/train/01358_class1.npy
1359,5,Throw-down,102,0.9622641509433962,data/landmarks/train/01359_class5.npy
1360,0,Point-1f,193,0.9796954314720813,data/landmarks/train/01360_class0.npy
1361,10,DblClick-2f,79,0.9634146341463414,data/landmarks/train/01361_class10.npy
1362,1,Point-2f,216,0.8962655601659751,data/landmarks/train/01362_class1.npy
1363,9,DblClick-1f,90,0.989010989010989,data/landmarks/train/01363_class9.npy
1364,0,Point-1f,197,0.9425837320574163,data/landmarks/train/01364_class0.npy
1365,4,Throw-up,91,1.0,data/landmarks/train/01365_class4.npy
1366,0,Point-1f,208,0.9585253456221198,data/landmarks/train/01366_class0.npy
1367,11,Zoom-in,81,0.9878048780487805,data/landmarks/train/01367_class11.npy
1368,1,Point-2f,214,0.9224137931034483,data/landmarks/train/01368_class1.npy
1369,2,Click-1f,81,0.9418604651162791,data/landmarks/train/01369_class2.npy
1370,0,Point-1f,201,0.9392523364485982,data/landmarks/train/01370_class0.npy
1371,7,Throw-right,60,0.967741935483871,data/landmarks/train/01371_class7.npy
1372,6,Throw-left,113,0.9495798319327731,data/landmarks/train/01372_class6.npy
1373,0,Point-1f,204,0.9807692307692307,data/landmarks/train/01373_class0.npy
1374,3,Click-2f,87,1.0,data/landmarks/train/01374_class3.npy
1375,1,Point-2f,191,0.9317073170731708,data/landmarks/train/01375_class1.npy
1376,2,Click-1f,75,1.0,data/landmarks/train/01376_class2.npy
1377,0,Point-1f,180,0.9836065573770492,data/landmarks/train/01377_class0.npy
1378,10,DblClick-2f,74,0.9866666666666667,data/landmarks/train/01378_class10.npy
1379,1,Point-2f,225,0.982532751091703,data/landmarks/train/01379_class1.npy
1380,4,Throw-up,101,0.9901960784313726,data/landmarks/train/01380_class4.npy
1381,1,Point-2f,163,0.9702380952380952,data/landmarks/train/01381_class1.npy
1382,5,Throw-down,70,1.0,data/landmarks/train/01382_class5.npy
1383,1,Point-2f,178,0.9888888888888889,data/landmarks/train/01383_class1.npy
1384,12,Zoom-out,77,0.9746835443037974,data/landmarks/train/01384_class12.npy
1385,0,Point-1f,190,0.9644670050761421,data/landmarks/train/01385_class0.npy
1386,11,Zoom-in,88,1.0,data/landmarks/train/01386_class11.npy
1387,1,Point-2f,233,0.9628099173553719,data/landmarks/train/01387_class1.npy
1388,9,DblClick-1f,43,1.0,data/landmarks/train/01388_class9.npy
1389,0,Point-1f,251,0.9691119691119691,data/landmarks/train/01389_class0.npy
1390,7,Throw-right,97,1.0,data/landmarks/train/01390_class7.npy
1391,0,Point-1f,183,0.9384615384615385,data/landmarks/train/01391_class0.npy
1392,8,Open-twice,82,1.0,data/landmarks/train/01392_class8.npy
1393,8,Open-twice,106,0.9906542056074766,data/landmarks/train/01393_class8.npy
1394,1,Point-2f,174,0.9775280898876404,data/landmarks/train/01394_class1.npy
1395,3,Click-2f,74,0.9736842105263158,data/landmarks/train/01395_class3.npy
1396,0,Point-1f,218,0.9775784753363229,data/landmarks/train/01396_class0.npy
1397,11,Zoom-in,90,1.0,data/landmarks/train/01397_class11.npy
1398,1,Point-2f,215,0.9953703703703703,data/landmarks/train/01398_class1.npy
1399,10,DblClick-2f,87,0.9456521739130435,data/landmarks/train/01399_class10.npy
1400,0,Point-1f,236,1.0,data/landmarks/train/01400_class0.npy
1401,7,Throw-right,93,1.0,data/landmarks/train/01401_class7.npy
1402,0,Point-1f,210,1.0,data/landmarks/train/01402_class0.npy
1403,12,Zoom-out,94,0.9894736842105263,data/landmarks/train/01403_class12.npy
1404,1,Point-2f,190,0.9895833333333334,data/landmarks/train/01404_class1.npy
1405,5,Throw-down,74,0.9866666666666667,data/landmarks/train/01405_class5.npy
1406,0,Point-1f,211,0.9906103286384976,data/landmarks/train/01406_class0.npy
1407,9,DblClick-1f,80,0.963855421686747,data/landmarks/train/01407_class9.npy
1408,1,Point-2f,201,0.9663461538461539,data/landmarks/train/01408_class1.npy
1409,2,Click-1f,79,1.0,data/landmarks/train/01409_class2.npy
1410,1,Point-2f,210,0.958904109589041,data/landmarks/train/01410_class1.npy
1411,6,Throw-left,85,0.9659090909090909,data/landmarks/train/01411_class6.npy
1412,0,Point-1f,216,0.9908256880733946,data/landmarks/train/01412_class0.npy
1413,4,Throw-up,105,1.0,data/landmarks/train/01413_class4.npy
1414,11,Zoom-in,130,0.9923664122137404,data/landmarks/train/01414_class11.npy
1415,1,Point-2f,261,0.9849056603773585,data/landmarks/train/01415_class1.npy
1416,9,DblClick-1f,72,1.0,data/landmarks/train/01416_class9.npy
1417,0,Point-1f,226,0.9955947136563876,data/landmarks/train/01417_class0.npy
1418,5,Throw-down,88,0.9777777777777777,data/landmarks/train/01418_class5.npy
1419,0,Point-1f,200,0.9950248756218906,data/landmarks/train/01419_class0.npy
1420,2,Click-1f,76,0.987012987012987,data/landmarks/train/01420_class2.npy
1421,1,Point-2f,205,0.9360730593607306,data/landmarks/train/01421_class1.npy
1422,7,Throw-right,101,1.0,data/landmarks/train/01422_class7.npy
1423,1,Point-2f,199,0.9342723004694836,data/landmarks/train/01423_class1.npy
1424,6,Throw-left,72,0.9473684210526315,data/landmarks/train/01424_class6.npy
1425,0,Point-1f,203,1.0,data/landmarks/train/01425_class0.npy
1426,3,Click-2f,43,0.9772727272727273,data/landmarks/train/01426_class3.npy
1427,1,Point-2f,210,0.9375,data/landmarks/train/01427_class1.npy
1428,10,DblClick-2f,78,0.9512195121951219,data/landmarks/train/01428_class10.npy
1429,0,Point-1f,226,0.9912280701754386,data/landmarks/train/01429_class0.npy
1430,12,Zoom-out,74,1.0,data/landmarks/train/01430_class12.npy
1431,1,Point-2f,145,0.8100558659217877,data/landmarks/train/01431_class1.npy
1432,4,Throw-up,51,1.0,data/landmarks/train/01432_class4.npy
1433,0,Point-1f,182,0.978494623655914,data/landmarks/train/01433_class0.npy
1434,8,Open-twice,62,1.0,data/landmarks/train/01434_class8.npy
1435,8,Open-twice,59,1.0,data/landmarks/train/01435_class8.npy
1436,1,Point-2f,173,0.9885714285714285,data/landmarks/train/01436_class1.npy
1437,12,Zoom-out,43,1.0,data/landmarks/train/01437_class12.npy
1438,1,Point-2f,210,0.9905660377358491,data/landmarks/train/01438_class1.npy
1439,5,Throw-down,36,0.9473684210526315,data/landmarks/train/01439_class5.npy
1440,0,Point-1f,263,1.0,data/landmarks/train/01440_class0.npy
1441,11,Zoom-in,36,1.0,data/landmarks/train/01441_class11.npy
1442,0,Point-1f,176,1.0,data/landmarks/train/01442_class0.npy
1443,3,Click-2f,25,0.9259259259259259,data/landmarks/train/01443_class3.npy
1444,0,Point-1f,221,1.0,data/landmarks/train/01444_class0.npy
1445,4,Throw-up,33,1.0,data/landmarks/train/01445_class4.npy
1446,1,Point-2f,211,1.0,data/landmarks/train/01446_class1.npy
1447,9,DblClick-1f,43,0.9772727272727273,data/landmarks/train/01447_class9.npy
1448,1,Point-2f,229,1.0,data/landmarks/train/01448_class1.npy
1449,7,Throw-right,35,1.0,data/landmarks/train/01449_class7.npy
1450,1,Point-2f,205,0.9276018099547512,data/landmarks/train/01450_class1.npy
1451,6,Throw-left,43,0.9772727272727273,data/landmarks/train/01451_class6.npy
1452,0,Point-1f,139,0.9928571428571429,data/landmarks/train/01452_class0.npy
1453,10,DblClick-2f,79,0.9634146341463414,data/landmarks/train/01453_class10.npy
1454,0,Point-1f,401,1.0,data/landmarks/train/01454_class0.npy
1455,2,Click-1f,60,1.0,data/landmarks/train/01455_class2.npy
1456,11,Zoom-in,34,1.0,data/landmarks/train/01456_class11.npy
1457,1,Point-2f,226,0.9826086956521739,data/landmarks/train/01457_class1.npy
1458,9,DblClick-1f,47,1.0,data/landmarks/train/01458_class9.npy
1459,0,Point-1f,297,0.9642857142857143,data/landmarks/train/01459_class0.npy
1460,8,Open-twice,83,1.0,data/landmarks/train/01460_class8.npy
1461,1,Point-2f,345,0.9224598930481284,data/landmarks/train/01461_class1.npy
1462,7,Throw-right,31,0.96875,data/landmarks/train/01462_class7.npy
1463,0,Point-1f,286,0.9533333333333334,data/landmarks/train/01463_class0.npy
1464,4,Throw-up,30,0.967741935483871,data/landmarks/train/01464_class4.npy
1465,1,Point-2f,293,0.9391025641025641,data/landmarks/train/01465_class1.npy
1466,10,DblClick-2f,52,1.0,data/landmarks/train/01466_class10.npy
1467,0,Point-1f,257,0.948339483394834,data/landmarks/train/01467_class0.npy
1468,5,Throw-down,35,0.9722222222222222,data/landmarks/train/01468_class5.npy
1469,0,Point-1f,187,0.9739583333333334,data/landmarks/train/01469_class0.npy
1470,12,Zoom-out,53,1.0,data/landmarks/train/01470_class12.npy
1471,1,Point-2f,227,0.9869565217391304,data/landmarks/train/01471_class1.npy
1472,2,Click-1f,24,0.96,data/landmarks/train/01472_class2.npy
1473,1,Point-2f,201,1.0,data/landmarks/train/01473_class1.npy
1474,3,Click-2f,42,1.0,data/landmarks/train/01474_class3.npy
1475,0,Point-1f,200,0.9803921568627451,data/landmarks/train/01475_class0.npy
1476,6,Throw-left,43,1.0,data/landmarks/train/01476_class6.npy
1477,2,Click-1f,26,0.9629629629629629,data/landmarks/train/01477_class2.npy
1478,1,Point-2f,276,0.9857142857142858,data/landmarks/train/01478_class1.npy
1479,4,Throw-up,31,1.0,data/landmarks/train/01479_class4.npy
1480,1,Point-2f,295,0.9672131147540983,data/landmarks/train/01480_class1.npy
1481,9,DblClick-1f,54,1.0,data/landmarks/train/01481_class9.npy
1482,0,Point-1f,299,0.934375,data/landmarks/train/01482_class0.npy
1483,7,Throw-right,31,0.96875,data/landmarks/train/01483_class7.npy
1484,1,Point-2f,332,0.9352112676056338,data/landmarks/train/01484_class1.npy
1485,12,Zoom-out,36,0.972972972972973,data/landmarks/train/01485_class12.npy
1486,0,Point-1f,395,0.9899749373433584,data/landmarks/train/01486_class0.npy
1487,3,Click-2f,30,0.967741935483871,data/landmarks/train/01487_class3.npy
1488,0,Point-1f,337,0.9911764705882353,data/landmarks/train/01488_class0.npy
1489,10,DblClick-2f,38,1.0,data/landmarks/train/01489_class10.npy
1490,1,Point-2f,361,0.9626666666666667,data/landmarks/train/01490_class1.npy
1491,8,Open-twice,57,0.9827586206896551,data/landmarks/train/01491_class8.npy
1492,0,Point-1f,269,0.9889705882352942,data/landmarks/train/01492_class0.npy
1493,6,Throw-left,32,1.0,data/landmarks/train/01493_class6.npy
1494,0,Point-1f,216,0.9191489361702128,data/landmarks/train/01494_class0.npy
1495,11,Zoom-in,65,1.0,data/landmarks/train/01495_class11.npy
1496,1,Point-2f,179,0.9421052631578948,data/landmarks/train/01496_class1.npy
1497,5,Throw-down,40,0.9523809523809523,data/landmarks/train/01497_class5.npy
1498,5,Throw-down,31,0.8857142857142857,data/landmarks/train/01498_class5.npy
1499,0,Point-1f,229,0.9828326180257511,data/landmarks/train/01499_class0.npy
1500,6,Throw-left,35,1.0,data/landmarks/train/01500_class6.npy
1501,1,Point-2f,358,0.9086294416243654,data/landmarks/train/01501_class1.npy
1502,10,DblClick-2f,43,1.0,data/landmarks/train/01502_class10.npy
1503,1,Point-2f,207,0.9539170506912442,data/landmarks/train/01503_class1.npy
1504,8,Open-twice,58,0.9666666666666667,data/landmarks/train/01504_class8.npy
1505,1,Point-2f,393,0.9825,data/landmarks/train/01505_class1.npy
1506,2,Click-1f,24,0.96,data/landmarks/train/01506_class2.npy
1507,0,Point-1f,239,0.987603305785124,data/landmarks/train/01507_class0.npy
1508,4,Throw-up,34,1.0,data/landmarks/train/01508_class4.npy
1509,0,Point-1f,287,0.9663299663299664,data/landmarks/train/01509_class0.npy
1510,7,Throw-right,28,0.9655172413793104,data/landmarks/train/01510_class7.npy
1511,1,Point-2f,313,0.9343283582089552,data/landmarks/train/01511_class1.npy
1512,3,Click-2f,29,0.9666666666666667,data/landmarks/train/01512_class3.npy
1513,0,Point-1f,256,0.9696969696969697,data/landmarks/train/01513_class0.npy
1514,12,Zoom-out,44,0.9777777777777777,data/landmarks/train/01514_class12.npy
1515,0,Point-1f,201,0.95260663507109,data/landmarks/train/01515_class0.npy
1516,11,Zoom-in,31,1.0,data/landmarks/train/01516_class11.npy
1517,1,Point-2f,195,0.9330143540669856,data/landmarks/train/01517_class1.npy
1518,9,DblClick-1f,43,1.0,data/landmarks/train/01518_class9.npy
1519,5,Throw-down,31,0.9393939393939394,data/landmarks/train/01519_class5.npy
1520,0,Point-1f,321,1.0,data/landmarks/train/01520_class0.npy
1521,3,Click-2f,38,1.0,data/landmarks/train/01521_class3.npy
1522,1,Point-2f,223,0.8991935483870968,data/landmarks/train/01522_class1.npy
1523,7,Throw-right,60,0.967741935483871,data/landmarks/train/01523_class7.npy
1524,1,Point-2f,195,0.9558823529411765,data/landmarks/train/01524_class1.npy
1525,10,DblClick-2f,74,0.9135802469135802,data/landmarks/train/01525_class10.npy
1526,0,Point-1f,236,1.0,data/landmarks/train/01526_class0.npy
1527,8,Open-twice,53,1.0,data/landmarks/train/01527_class8.npy
1528,1,Point-2f,144,0.8727272727272727,data/landmarks/train/01528_class1.npy
1529,9,DblClick-1f,56,1.0,data/landmarks/train/01529_class9.npy
1530,0,Point-1f,245,0.9959349593495935,data/landmarks/train/01530_class0.npy
1531,12,Zoom-out,68,1.0,data/landmarks/train/01531_class12.npy
1532,0,Point-1f,225,0.9375,data/landmarks/train/01532_class0.npy
1533,4,Throw-up,66,0.9850746268656716,data/landmarks/train/01533_class4.npy
1534,1,Point-2f,245,0.953307392996109,data/landmarks/train/01534_class1.npy
1535,11,Zoom-in,54,1.0,data/landmarks/train/01535_class11.npy
1536,1,Point-2f,188,0.9215686274509803,data/landmarks/train/01536_class1.npy
1537,6,Throw-left,39,0.975,data/landmarks/train/01537_class6.npy
1538,0,Point-1f,191,1.0,data/landmarks/train/01538_class0.npy
1539,2,Click-1f,50,1.0,data/landmarks/train/01539_class2.npy
1540,4,Throw-up,40,0.8888888888888888,data/landmarks/train/01540_class4.npy
1541,1,Point-2f,179,0.7682403433476395,data/landmarks/train/01541_class1.npy
1542,11,Zoom-in,76,1.0,data/landmarks/train/01542_class11.npy
1543,0,Point-1f,249,1.0,data/landmarks/train/01543_class0.npy
1544,9,DblClick-1f,57,1.0,data/landmarks/train/01544_class9.npy
1545,1,Point-2f,394,0.9974683544303797,data/landmarks/train/01545_class1.npy
1546,2,Click-1f,41,0.9318181818181818,data/landmarks/train/01546_class2.npy
1547,1,Point-2f,296,0.9966329966329966,data/landmarks/train/01547_class1.npy
1548,12,Zoom-out,71,1.0,data/landmarks/train/01548_class12.npy
1549,0,Point-1f,379,1.0,data/landmarks/train/01549_class0.npy
1550,3,Click-2f,48,0.9795918367346939,data/landmarks/train/01550_class3.npy
1551,0,Point-1f,190,1.0,data/landmarks/train/01551_class0.npy
1552,10,DblClick-2f,50,0.9803921568627451,data/landmarks/train/01552_class10.npy
1553,1,Point-2f,176,1.0,data/landmarks/train/01553_class1.npy
1554,6,Throw-left,27,0.9642857142857143,data/landmarks/train/01554_class6.npy
1555,0,Point-1f,202,0.9483568075117371,data/landmarks/train/01555_class0.npy
1556,5,Throw-down,33,0.9705882352941176,data/landmarks/train/01556_class5.npy
1557,1,Point-2f,134,0.8758169934640523,data/landmarks/train/01557_class1.npy
1558,8,Open-twice,54,1.0,data/landmarks/train/01558_class8.npy
1559,0,Point-1f,148,0.9487179487179487,data/landmarks/train/01559_class0.npy
1560,7,Throw-right,51,0.9272727272727272,data/landmarks/train/01560_class7.npy
1561,4,Throw-up,53,1.0,data/landmarks/train/01561_class4.npy
1562,0,Point-1f,317,1.0,data/landmarks/train/01562_class0.npy
1563,2,Click-1f,34,1.0,data/landmarks/train/01563_class2.npy
1564,1,Point-2f,297,0.9867109634551495,data/landmarks/train/01564_class1.npy
1565,9,DblClick-1f,70,1.0,data/landmarks/train/01565_class9.npy
1566,0,Point-1f,302,0.993421052631579,data/landmarks/train/01566_class0.npy
1567,5,Throw-down,69,1.0,data/landmarks/train/01567_class5.npy
1568,1,Point-2f,205,0.8232931726907631,data/landmarks/train/01568_class1.npy
1569,6,Throw-left,35,1.0,data/landmarks/train/01569_class6.npy
1570,0,Point-1f,211,1.0,data/landmarks/train/01570_class0.npy
1571,7,Throw-right,43,0.9555555555555556,data/landmarks/train/01571_class7.npy
1572,1,Point-2f,198,1.0,data/landmarks/train/01572_class1.npy
1573,8,Open-twice,56,0.9824561403508771,data/landmarks/train/01573_class8.npy
1574,1,Point-2f,161,1.0,data/landmarks/train/01574_class1.npy
1575,11,Zoom-in,66,1.0,data/landmarks/train/01575_class11.npy
1576,0,Point-1f,270,1.0,data/landmarks/train/01576_class0.npy
1577,12,Zoom-out,89,1.0,data/landmarks/train/01577_class12.npy
1578,1,Point-2f,193,0.8427947598253275,data/landmarks/train/01578_class1.npy
1579,3,Click-2f,37,0.9736842105263158,data/landmarks/train/01579_class3.npy
1580,0,Point-1f,219,0.9733333333333334,data/landmarks/train/01580_class0.npy
1581,10,DblClick-2f,64,1.0,data/landmarks/train/01581_class10.npy
1582,5,Throw-down,43,1.0,data/landmarks/train/01582_class5.npy
1583,1,Point-2f,214,1.0,data/landmarks/train/01583_class1.npy
1584,11,Zoom-in,56,1.0,data/landmarks/train/01584_class11.npy
1585,0,Point-1f,250,0.9960159362549801,data/landmarks/train/01585_class0.npy
1586,4,Throw-up,53,1.0,data/landmarks/train/01586_class4.npy
1587,0,Point-1f,206,1.0,data/landmarks/train/01587_class0.npy
1588,7,Throw-right,29,1.0,data/landmarks/train/01588_class7.npy
1589,1,Point-2f,294,0.98989898989899,data/landmarks/train/01589_class1.npy
1590,2,Click-1f,37,0.9736842105263158,data/landmarks/train/01590_class2.npy
1591,1,Point-2f,234,0.841726618705036,data/landmarks/train/01591_class1.npy
1592,9,DblClick-1f,64,0.9411764705882353,data/landmarks/train/01592_class9.npy
1593,1,Point-2f,234,0.9957446808510638,data/landmarks/train/01593_class1.npy
1594,10,DblClick-2f,31,0.5849056603773585,data/landmarks/train/01594_class10.npy
1595,0,Point-1f,206,0.8373983739837398,data/landmarks/train/01595_class0.npy
1596,8,Open-twice,59,0.921875,data/landmarks/train/01596_class8.npy
1597,0,Point-1f,149,0.7412935323383084,data/landmarks/train/01597_class0.npy
1598,3,Click-2f,39,0.975,data/landmarks/train/01598_class3.npy
1599,0,Point-1f,189,1.0,data/landmarks/train/01599_class0.npy
1600,6,Throw-left,57,1.0,data/landmarks/train/01600_class6.npy
1601,1,Point-2f,187,0.7991452991452992,data/landmarks/train/01601_class1.npy
1602,12,Zoom-out,103,1.0,data/landmarks/train/01602_class12.npy
1603,12,Zoom-out,46,0.9787234042553191,data/landmarks/train/01603_class12.npy
1604,0,Point-1f,272,0.9963369963369964,data/landmarks/train/01604_class0.npy
1605,6,Throw-left,53,0.9464285714285714,data/landmarks/train/01605_class6.npy
1606,1,Point-2f,296,0.9899665551839465,data/landmarks/train/01606_class1.npy
1607,3,Click-2f,47,1.0,data/landmarks/train/01607_class3.npy
1608,1,Point-2f,258,0.9961389961389961,data/landmarks/train/01608_class1.npy
1609,10,DblClick-2f,49,1.0,data/landmarks/train/01609_class10.npy
1610,0,Point-1f,218,0.9819819819819819,data/landmarks/train/01610_class0.npy
1611,2,Click-1f,63,1.0,data/landmarks/train/01611_class2.npy
1612,1,Point-2f,203,0.9902439024390244,data/landmarks/train/01612_class1.npy
1613,11,Zoom-in,81,0.9878048780487805,data/landmarks/train/01613_class11.npy
1614,1,Point-2f,290,0.9764309764309764,data/landmarks/train/01614_class1.npy
1615,5,Throw-down,111,0.9823008849557522,data/landmarks/train/01615_class5.npy
1616,0,Point-1f,279,0.9928825622775801,data/landmarks/train/01616_class0.npy
1617,7,Throw-right,51,0.9622641509433962,data/landmarks/train/01617_class7.npy
1618,1,Point-2f,237,0.9957983193277311,data/landmarks/train/01618_class1.npy
1619,9,DblClick-1f,50,1.0,data/landmarks/train/01619_class9.npy
1620,0,Point-1f,240,0.9836065573770492,data/landmarks/train/01620_class0.npy
1621,4,Throw-up,58,0.9666666666666667,data/landmarks/train/01621_class4.npy
1622,0,Point-1f,123,1.0,data/landmarks/train/01622_class0.npy
1623,8,Open-twice,104,1.0,data/landmarks/train/01623_class8.npy
1624,8,Open-twice,52,0.9122807017543859,data/landmarks/train/01624_class8.npy
1625,0,Point-1f,307,1.0,data/landmarks/train/01625_class0.npy
1626,9,DblClick-1f,43,1.0,data/landmarks/train/01626_class9.npy
1627,1,Point-2f,301,0.9933993399339934,data/landmarks/train/01627_class1.npy
1628,11,Zoom-in,56,1.0,data/landmarks/train/01628_class11.npy
1629,1,Point-2f,139,1.0,data/landmarks/train/01629_class1.npy
1630,5,Throw-down,55,0.9821428571428571,data/landmarks/train/01630_class5.npy
1631,0,Point-1f,202,0.9853658536585366,data/landmarks/train/01631_class0.npy
1632,2,Click-1f,59,0.9833333333333333,data/landmarks/train/01632_class2.npy
1633,1,Point-2f,319,0.9937694704049844,data/landmarks/train/01633_class1.npy
1634,7,Throw-right,52,0.9454545454545454,data/landmarks/train/01634_class7.npy
1635,0,Point-1f,249,1.0,data/landmarks/train/01635_class0.npy
1636,3,Click-2f,45,0.9782608695652174,data/landmarks/train/01636_class3.npy
1637,0,Point-1f,208,1.0,data/landmarks/train/01637_class0.npy
1638,6,Throw-left,78,0.9629629629629629,data/landmarks/train/01638_class6.npy
1639,0,Point-1f,215,1.0,data/landmarks/train/01639_class0.npy
1640,4,Throw-up,66,0.9565217391304348,data/landmarks/train/01640_class4.npy
1641,1,Point-2f,163,1.0,data/landmarks/train/01641_class1.npy
1642,10,DblClick-2f,60,0.9836065573770492,data/landmarks/train/01642_class10.npy
1643,1,Point-2f,200,1.0,data/landmarks/train/01643_class1.npy
1644,12,Zoom-out,53,1.0,data/landmarks/train/01644_class12.npy
1645,5,Throw-down,58,0.9666666666666667,data/landmarks/train/01645_class5.npy
1646,1,Point-2f,254,0.9921875,data/landmarks/train/01646_class1.npy
1647,7,Throw-right,55,0.9482758620689655,data/landmarks/train/01647_class7.npy
1648,1,Point-2f,226,1.0,data/landmarks/train/01648_class1.npy
1649,8,Open-twice,54,1.0,data/landmarks/train/01649_class8.npy
1650,0,Point-1f,278,1.0,data/landmarks/train/01650_class0.npy
1651,9,DblClick-1f,49,1.0,data/landmarks/train/01651_class9.npy
1652,0,Point-1f,240,1.0,data/landmarks/train/01652_class0.npy
1653,11,Zoom-in,41,1.0,data/landmarks/train/01653_class11.npy
1654,1,Point-2f,213,1.0,data/landmarks/train/01654_class1.npy
1655,6,Throw-left,65,0.9420289855072463,data/landmarks/train/01655_class6.npy
1656,1,Point-2f,281,0.9894366197183099,data/landmarks/train/01656_class1.npy
1657,10,DblClick-2f,50,1.0,data/landmarks/train/01657_class10.npy
1658,0,Point-1f,235,1.0,data/landmarks/train/01658_class0.npy
1659,4,Throw-up,46,0.9387755102040817,data/landmarks/train/01659_class4.npy
1660,1,Point-2f,208,0.9811320754716981,data/landmarks/train/01660_class1.npy
1661,3,Click-2f,44,0.9777777777777777,data/landmarks/train/01661_class3.npy
1662,0,Point-1f,260,1.0,data/landmarks/train/01662_class0.npy
1663,12,Zoom-out,41,0.9761904761904762,data/landmarks/train/01663_class12.npy
1664,0,Point-1f,214,0.9907407407407407,data/landmarks/train/01664_class0.npy
1665,2,Click-1f,36,0.972972972972973,data/landmarks/train/01665_class2.npy
1666,9,DblClick-1f,43,1.0,data/landmarks/train/01666_class9.npy
1667,0,Point-1f,255,1.0,data/landmarks/train/01667_class0.npy
1668,4,Throw-up,44,0.9565217391304348,data/landmarks/train/01668_class4.npy
1669,1,Point-2f,278,0.996415770609319,data/landmarks/train/01669_class1.npy
1670,3,Click-2f,37,0.9736842105263158,data/landmarks/train/01670_class3.npy
1671,0,Point-1f,247,0.9959677419354839,data/landmarks/train/01671_class0.npy
1672,6,Throw-left,50,0.9259259259259259,data/landmarks/train/01672_class6.npy
1673,1,Point-2f,192,1.0,data/landmarks/train/01673_class1.npy
1674,7,Throw-right,58,0.9508196721311475,data/landmarks/train/01674_class7.npy
1675,0,Point-1f,241,0.9958677685950413,data/landmarks/train/01675_class0.npy
1676,8,Open-twice,58,1.0,data/landmarks/train/01676_class8.npy
1677,1,Point-2f,261,0.9886363636363636,data/landmarks/train/01677_class1.npy
1678,5,Throw-down,67,0.9571428571428572,data/landmarks/train/01678_class5.npy
1679,1,Point-2f,290,0.9897610921501706,data/landmarks/train/01679_class1.npy
1680,11,Zoom-in,46,0.9787234042553191,data/landmarks/train/01680_class11.npy
1681,1,Point-2f,271,0.9890510948905109,data/landmarks/train/01681_class1.npy
1682,12,Zoom-out,36,1.0,data/landmarks/train/01682_class12.npy
1683,0,Point-1f,262,0.9924242424242424,data/landmarks/train/01683_class0.npy
1684,2,Click-1f,76,1.0,data/landmarks/train/01684_class2.npy
1685,0,Point-1f,174,1.0,data/landmarks/train/01685_class0.npy
1686,10,DblClick-2f,59,1.0,data/landmarks/train/01686_class10.npy
1687,11,Zoom-in,43,0.9772727272727273,data/landmarks/train/01687_class11.npy
1688,0,Point-1f,246,1.0,data/landmarks/train/01688_class0.npy
1689,9,DblClick-1f,56,1.0,data/landmarks/train/01689_class9.npy
1690,0,Point-1f,80,1.0,data/landmarks/train/01690_class0.npy
1691,6,Throw-left,52,1.0,data/landmarks/train/01691_class6.npy
1692,1,Point-2f,249,0.9803149606299213,data/landmarks/train/01692_class1.npy
1693,2,Click-1f,29,1.0,data/landmarks/train/01693_class2.npy
1694,1,Point-2f,175,0.9887005649717514,data/landmarks/train/01694_class1.npy
1695,3,Click-2f,29,0.9666666666666667,data/landmarks/train/01695_class3.npy
1696,0,Point-1f,214,0.9907407407407407,data/landmarks/train/01696_class0.npy
1697,5,Throw-down,40,0.975609756097561,data/landmarks/train/01697_class5.npy
1698,0,Point-1f,214,1.0,data/landmarks/train/01698_class0.npy
1699,4,Throw-up,38,0.95,data/landmarks/train/01699_class4.npy
1700,0,Point-1f,224,0.9955555555555555,data/landmarks/train/01700_class0.npy
1701,10,DblClick-2f,50,0.9615384615384616,data/landmarks/train/01701_class10.npy
1702,1,Point-2f,144,0.993103448275862,data/landmarks/train/01702_class1.npy
1703,8,Open-twice,51,1.0,data/landmarks/train/01703_class8.npy
1704,1,Point-2f,208,0.9952153110047847,data/landmarks/train/01704_class1.npy
1705,12,Zoom-out,47,1.0,data/landmarks/train/01705_class12.npy
1706,1,Point-2f,214,0.981651376146789,data/landmarks/train/01706_class1.npy
1707,7,Throw-right,42,0.9545454545454546,data/landmarks/train/01707_class7.npy
1708,5,Throw-down,57,0.9661016949152542,data/landmarks/train/01708_class5.npy
1709,0,Point-1f,361,1.0,data/landmarks/train/01709_class0.npy
1710,6,Throw-left,49,1.0,data/landmarks/train/01710_class6.npy
1711,0,Point-1f,366,0.9945652173913043,data/landmarks/train/01711_class0.npy
1712,4,Throw-up,55,1.0,data/landmarks/train/01712_class4.npy
1713,1,Point-2f,264,1.0,data/landmarks/train/01713_class1.npy
1714,12,Zoom-out,48,1.0,data/landmarks/train/01714_class12.npy
1715,0,Point-1f,154,1.0,data/landmarks/train/01715_class0.npy
1716,8,Open-twice,61,1.0,data/landmarks/train/01716_class8.npy
1717,1,Point-2f,187,0.9894179894179894,data/landmarks/train/01717_class1.npy
1718,11,Zoom-in,52,0.9811320754716981,data/landmarks/train/01718_class11.npy
1719,1,Point-2f,389,0.9948849104859335,data/landmarks/train/01719_class1.npy
1720,2,Click-1f,26,0.9629629629629629,data/landmarks/train/01720_class2.npy
1721,0,Point-1f,183,1.0,data/landmarks/train/01721_class0.npy
1722,7,Throw-right,40,1.0,data/landmarks/train/01722_class7.npy
1723,1,Point-2f,244,0.9959183673469387,data/landmarks/train/01723_class1.npy
1724,9,DblClick-1f,45,0.9782608695652174,data/landmarks/train/01724_class9.npy
1725,0,Point-1f,149,1.0,data/landmarks/train/01725_class0.npy
1726,3,Click-2f,22,1.0,data/landmarks/train/01726_class3.npy
1727,1,Point-2f,156,1.0,data/landmarks/train/01727_class1.npy
1728,10,DblClick-2f,45,1.0,data/landmarks/train/01728_class10.npy
1729,3,Click-2f,31,0.96875,data/landmarks/train/01729_class3.npy
1730,1,Point-2f,435,0.9954233409610984,data/landmarks/train/01730_class1.npy
1731,11,Zoom-in,48,1.0,data/landmarks/train/01731_class11.npy
1732,1,Point-2f,344,0.9971014492753624,data/landmarks/train/01732_class1.npy
1733,7,Throw-right,43,0.9555555555555556,data/landmarks/train/01733_class7.npy
1734,0,Point-1f,260,1.0,data/landmarks/train/01734_class0.npy
1735,6,Throw-left,58,1.0,data/landmarks/train/01735_class6.npy
1736,1,Point-2f,423,0.986013986013986,data/landmarks/train/01736_class1.npy
1737,12,Zoom-out,46,1.0,data/landmarks/train/01737_class12.npy
1738,0,Point-1f,274,0.9963636363636363,data/landmarks/train/01738_class0.npy
1739,9,DblClick-1f,36,1.0,data/landmarks/train/01739_class9.npy
1740,0,Point-1f,258,0.9923076923076923,data/landmarks/train/01740_class0.npy
1741,10,DblClick-2f,41,0.9761904761904762,data/landmarks/train/01741_class10.npy
1742,1,Point-2f,115,1.0,data/landmarks/train/01742_class1.npy
1743,4,Throw-up,53,1.0,data/landmarks/train/01743_class4.npy
1744,1,Point-2f,202,1.0,data/landmarks/train/01744_class1.npy
1745,8,Open-twice,68,0.9855072463768116,data/landmarks/train/01745_class8.npy
1746,0,Point-1f,119,0.9916666666666667,data/landmarks/train/01746_class0.npy
1747,5,Throw-down,42,0.9545454545454546,data/landmarks/train/01747_class5.npy
1748,0,Point-1f,87,1.0,data/landmarks/train/01748_class0.npy
1749,2,Click-1f,37,1.0,data/landmarks/train/01749_class2.npy
1750,10,DblClick-2f,60,0.967741935483871,data/landmarks/train/01750_class10.npy
1751,0,Point-1f,621,0.9951923076923077,data/landmarks/train/01751_class0.npy
1752,7,Throw-right,42,1.0,data/landmarks/train/01752_class7.npy
1753,1,Point-2f,216,1.0,data/landmarks/train/01753_class1.npy
1754,9,DblClick-1f,50,1.0,data/landmarks/train/01754_class9.npy
1755,1,Point-2f,194,0.97,data/landmarks/train/01755_class1.npy
1756,4,Throw-up,36,1.0,data/landmarks/train/01756_class4.npy
1757,0,Point-1f,222,0.9955156950672646,data/landmarks/train/01757_class0.npy
1758,2,Click-1f,28,1.0,data/landmarks/train/01758_class2.npy
1759,1,Point-2f,393,0.9751861042183623,data/landmarks/train/01759_class1.npy
1760,3,Click-2f,79,1.0,data/landmarks/train/01760_class3.npy
1761,0,Point-1f,224,0.9824561403508771,data/landmarks/train/01761_class0.npy
1762,6,Throw-left,43,1.0,data/landmarks/train/01762_class6.npy
1763,1,Point-2f,225,0.9911894273127754,data/landmarks/train/01763_class1.npy
1764,12,Zoom-out,60,1.0,data/landmarks/train/01764_class12.npy
1765,1,Point-2f,147,0.9932432432432432,data/landmarks/train/01765_class1.npy
1766,8,Open-twice,59,0.9833333333333333,data/landmarks/train/01766_class8.npy
1767,0,Point-1f,292,0.9965870307167235,data/landmarks/train/01767_class0.npy
1768,11,Zoom-in,37,1.0,data/landmarks/train/01768_class11.npy
1769,0,Point-1f,119,1.0,data/landmarks/train/01769_class0.npy
1770,5,Throw-down,38,1.0,data/landmarks/train/01770_class5.npy
1771,8,Open-twice,95,0.9895833333333334,data/landmarks/train/01771_class8.npy
1772,0,Point-1f,136,0.7906976744186046,data/landmarks/train/01772_class0.npy
1773,9,DblClick-1f,87,0.7981651376146789,data/landmarks/train/01773_class9.npy
1774,0,Point-1f,145,0.7631578947368421,data/landmarks/train/01774_class0.npy
1775,3,Click-2f,114,0.9661016949152542,data/landmarks/train/01775_class3.npy
1776,1,Point-2f,116,0.7295597484276729,data/landmarks/train/01776_class1.npy
1777,4,Throw-up,107,0.9224137931034483,data/landmarks/train/01777_class4.npy
1778,0,Point-1f,139,0.6289592760180995,data/landmarks/train/01778_class0.npy
1779,10,DblClick-2f,81,0.9310344827586207,data/landmarks/train/01779_class10.npy
1780,1,Point-2f,169,0.7253218884120172,data/landmarks/train/01780_class1.npy
1781,2,Click-1f,92,0.989247311827957,data/landmarks/train/01781_class2.npy
1782,1,Point-2f,140,0.7446808510638298,data/landmarks/train/01782_class1.npy
1783,6,Throw-left,78,0.9512195121951219,data/landmarks/train/01783_class6.npy
1784,1,Point-2f,133,0.7228260869565217,data/landmarks/train/01784_class1.npy
1785,12,Zoom-out,64,1.0,data/landmarks/train/01785_class12.npy
1786,0,Point-1f,138,0.696969696969697,data/landmarks/train/01786_class0.npy
1787,7,Throw-right,90,1.0,data/landmarks/train/01787_class7.npy
1788,1,Point-2f,146,0.7087378640776699,data/landmarks/train/01788_class1.npy
1789,11,Zoom-in,118,1.0,data/landmarks/train/01789_class11.npy
1790,0,Point-1f,89,0.5174418604651163,data/landmarks/train/01790_class0.npy
1791,5,Throw-down,69,0.8961038961038961,data/landmarks/train/01791_class5.npy
1792,10,DblClick-2f,113,0.9826086956521739,data/landmarks/train/01792_class10.npy
1793,1,Point-2f,147,0.7,data/landmarks/train/01793_class1.npy
1794,7,Throw-right,115,0.9663865546218487,data/landmarks/train/01794_class7.npy
1795,0,Point-1f,126,0.6494845360824743,data/landmarks/train/01795_class0.npy
1796,11,Zoom-in,100,1.0,data/landmarks/train/01796_class11.npy
1797,1,Point-2f,103,0.5919540229885057,data/landmarks/train/01797_class1.npy
1798,8,Open-twice,125,1.0,data/landmarks/train/01798_class8.npy
1799,0,Point-1f,117,0.612565445026178,data/landmarks/train/01799_class0.npy
1800,9,DblClick-1f,101,0.8782608695652174,data/landmarks/train/01800_class9.npy
1801,0,Point-1f,71,0.45806451612903226,data/landmarks/train/01801_class0.npy
1802,6,Throw-left,107,0.9727272727272728,data/landmarks/train/01802_class6.npy
1803,1,Point-2f,108,0.5901639344262295,data/landmarks/train/01803_class1.npy
1804,3,Click-2f,96,0.9411764705882353,data/landmarks/train/01804_class3.npy
1805,1,Point-2f,102,0.5340314136125655,data/landmarks/train/01805_class1.npy
1806,12,Zoom-out,77,0.8651685393258427,data/landmarks/train/01806_class12.npy
1807,0,Point-1f,83,0.4715909090909091,data/landmarks/train/01807_class0.npy
1808,2,Click-1f,78,0.9069767441860465,data/landmarks/train/01808_class2.npy
1809,1,Point-2f,122,0.6971428571428572,data/landmarks/train/01809_class1.npy
1810,4,Throw-up,88,0.8073394495412844,data/landmarks/train/01810_class4.npy
1811,0,Point-1f,64,0.3615819209039548,data/landmarks/train/01811_class0.npy
1812,5,Throw-down,94,0.9690721649484536,data/landmarks/train/01812_class5.npy
1813,8,Open-twice,125,1.0,data/landmarks/train/01813_class8.npy
1814,1,Point-2f,130,0.7344632768361582,data/landmarks/train/01814_class1.npy
1815,4,Throw-up,116,0.8345323741007195,data/landmarks/train/01815_class4.npy
1816,1,Point-2f,76,0.4523809523809524,data/landmarks/train/01816_class1.npy
1817,10,DblClick-2f,85,0.7798165137614679,data/landmarks/train/01817_class10.npy
1818,0,Point-1f,125,0.6578947368421053,data/landmarks/train/01818_class0.npy
1819,9,DblClick-1f,121,0.983739837398374,data/landmarks/train/01819_class9.npy
1820,1,Point-2f,101,0.6352201257861635,data/landmarks/train/01820_class1.npy
1821,7,Throw-right,105,0.963302752293578,data/landmarks/train/01821_class7.npy
1822,0,Point-1f,111,0.6201117318435754,data/landmarks/train/01822_class0.npy
1823,12,Zoom-out,94,0.9894736842105263,data/landmarks/train/01823_class12.npy
1824,1,Point-2f,105,0.6645569620253164,data/landmarks/train/01824_class1.npy
1825,11,Zoom-in,86,0.9662921348314607,data/landmarks/train/01825_class11.npy
1826,1,Point-2f,116,0.6946107784431138,data/landmarks/train/01826_class1.npy
1827,6,Throw-left,163,0.9878787878787879,data/landmarks/train/01827_class6.npy
1828,0,Point-1f,113,0.6277777777777778,data/landmarks/train/01828_class0.npy
1829,3,Click-2f,94,0.912621359223301,data/landmarks/train/01829_class3.npy
1830,0,Point-1f,90,0.5769230769230769,data/landmarks/train/01830_class0.npy
1831,5,Throw-down,156,0.975,data/landmarks/train/01831_class5.npy
1832,0,Point-1f,133,0.6333333333333333,data/landmarks/train/01832_class0.npy
1833,2,Click-1f,71,0.8255813953488372,data/landmarks/train/01833_class2.npy
1834,12,Zoom-out,121,1.0,data/landmarks/train/01834_class12.npy
1835,1,Point-2f,157,0.6885964912280702,data/landmarks/train/01835_class1.npy
1836,2,Click-1f,110,0.9821428571428571,data/landmarks/train/01836_class2.npy
1837,1,Point-2f,152,0.7715736040609137,data/landmarks/train/01837_class1.npy
1838,4,Throw-up,116,0.9914529914529915,data/landmarks/train/01838_class4.npy
1839,0,Point-1f,102,0.5454545454545454,data/landmarks/train/01839_class0.npy
1840,3,Click-2f,117,1.0,data/landmarks/train/01840_class3.npy
1841,0,Point-1f,98,0.6125,data/landmarks/train/01841_class0.npy
1842,11,Zoom-in,93,1.0,data/landmarks/train/01842_class11.npy
1843,0,Point-1f,116,0.6666666666666666,data/landmarks/train/01843_class0.npy
1844,9,DblClick-1f,130,0.9923664122137404,data/landmarks/train/01844_class9.npy
1845,1,Point-2f,122,0.7349397590361446,data/landmarks/train/01845_class1.npy
1846,8,Open-twice,151,1.0,data/landmarks/train/01846_class8.npy
1847,0,Point-1f,144,0.6792452830188679,data/landmarks/train/01847_class0.npy
1848,6,Throw-left,112,0.9491525423728814,data/landmarks/train/01848_class6.npy
1849,1,Point-2f,128,0.6530612244897959,data/landmarks/train/01849_class1.npy
1850,10,DblClick-2f,118,0.9672131147540983,data/landmarks/train/01850_class10.npy
1851,0,Point-1f,113,0.6277777777777778,data/landmarks/train/01851_class0.npy
1852,5,Throw-down,116,0.9914529914529915,data/landmarks/train/01852_class5.npy
1853,1,Point-2f,127,0.7175141242937854,data/landmarks/train/01853_class1.npy
1854,7,Throw-right,83,0.9651162790697675,data/landmarks/train/01854_class7.npy
1855,11,Zoom-in,47,0.9791666666666666,data/landmarks/train/01855_class11.npy
1856,1,Point-2f,148,0.9932885906040269,data/landmarks/train/01856_class1.npy
1857,8,Open-twice,41,0.9761904761904762,data/landmarks/train/01857_class8.npy
1858,1,Point-2f,140,0.9790209790209791,data/landmarks/train/01858_class1.npy
1859,10,DblClick-2f,37,0.9736842105263158,data/landmarks/train/01859_class10.npy
1860,1,Point-2f,144,0.9536423841059603,data/landmarks/train/01860_class1.npy
1861,3,Click-2f,31,0.96875,data/landmarks/train/01861_class3.npy
1862,1,Point-2f,153,0.9935064935064936,data/landmarks/train/01862_class1.npy
1863,6,Throw-left,42,0.8936170212765957,data/landmarks/train/01863_class6.npy
1864,0,Point-1f,126,0.984375,data/landmarks/train/01864_class0.npy
1865,9,DblClick-1f,42,0.9767441860465116,data/landmarks/train/01865_class9.npy
1866,0,Point-1f,148,0.9801324503311258,data/landmarks/train/01866_class0.npy
1867,4,Throw-up,47,0.9791666666666666,data/landmarks/train/01867_class4.npy
1868,0,Point-1f,135,0.9782608695652174,data/landmarks/train/01868_class0.npy
1869,12,Zoom-out,34,0.9714285714285714,data/landmarks/train/01869_class12.npy
1870,0,Point-1f,135,0.9854014598540146,data/landmarks/train/01870_class0.npy
1871,2,Click-1f,23,0.9583333333333334,data/landmarks/train/01871_class2.npy
1872,1,Point-2f,133,0.9172413793103448,data/landmarks/train/01872_class1.npy
1873,7,Throw-right,44,0.9777777777777777,data/landmarks/train/01873_class7.npy
1874,0,Point-1f,110,0.9649122807017544,data/landmarks/train/01874_class0.npy
1875,5,Throw-down,28,0.7567567567567568,data/landmarks/train/01875_class5.npy
1876,7,Throw-right,41,0.9111111111111111,data/landmarks/train/01876_class7.npy
1877,0,Point-1f,140,0.958904109589041,data/landmarks/train/01877_class0.npy
1878,11,Zoom-in,25,0.9615384615384616,data/landmarks/train/01878_class11.npy
1879,1,Point-2f,125,0.8620689655172413,data/landmarks/train/01879_class1.npy
1880,2,Click-1f,24,0.96,data/landmarks/train/01880_class2.npy
1881,0,Point-1f,141,0.9791666666666666,data/landmarks/train/01881_class0.npy
1882,3,Click-2f,27,0.9642857142857143,data/landmarks/train/01882_class3.npy
1883,1,Point-2f,151,0.9741935483870968,data/landmarks/train/01883_class1.npy
1884,10,DblClick-2f,42,0.9767441860465116,data/landmarks/train/01884_class10.npy
1885,0,Point-1f,152,0.9620253164556962,data/landmarks/train/01885_class0.npy
1886,6,Throw-left,38,0.95,data/landmarks/train/01886_class6.npy
1887,1,Point-2f,146,0.9299363057324841,data/landmarks/train/01887_class1.npy
1888,9,DblClick-1f,44,0.9777777777777777,data/landmarks/train/01888_class9.npy
1889,0,Point-1f,142,0.9659863945578231,data/landmarks/train/01889_class0.npy
1890,8,Open-twice,41,0.9761904761904762,data/landmarks/train/01890_class8.npy
1891,1,Point-2f,127,0.8410596026490066,data/landmarks/train/01891_class1.npy
1892,12,Zoom-out,36,0.972972972972973,data/landmarks/train/01892_class12.npy
1893,1,Point-2f,148,0.9308176100628931,data/landmarks/train/01893_class1.npy
1894,5,Throw-down,32,0.9411764705882353,data/landmarks/train/01894_class5.npy
1895,0,Point-1f,149,0.9738562091503268,data/landmarks/train/01895_class0.npy
1896,4,Throw-up,38,0.9743589743589743,data/landmarks/train/01896_class4.npy
1897,9,DblClick-1f,46,0.9583333333333334,data/landmarks/train/01897_class9.npy
1898,0,Point-1f,151,0.949685534591195,data/landmarks/train/01898_class0.npy
1899,12,Zoom-out,26,0.9629629629629629,data/landmarks/train/01899_class12.npy
1900,1,Point-2f,140,0.9090909090909091,data/landmarks/train/01900_class1.npy
1901,11,Zoom-in,37,0.9736842105263158,data/landmarks/train/01901_class11.npy
1902,0,Point-1f,149,0.9612903225806452,data/landmarks/train/01902_class0.npy
1903,6,Throw-left,36,0.9230769230769231,data/landmarks/train/01903_class6.npy
1904,1,Point-2f,131,0.8851351351351351,data/landmarks/train/01904_class1.npy
1905,2,Click-1f,24,0.96,data/landmarks/train/01905_class2.npy
1906,0,Point-1f,149,0.9490445859872612,data/landmarks/train/01906_class0.npy
1907,10,DblClick-2f,44,0.9777777777777777,data/landmarks/train/01907_class10.npy
1908,1,Point-2f,133,0.9047619047619048,data/landmarks/train/01908_class1.npy
1909,3,Click-2f,32,0.9696969696969697,data/landmarks/train/01909_class3.npy
1910,1,Point-2f,158,0.9693251533742331,data/landmarks/train/01910_class1.npy
1911,5,Throw-down,40,0.975609756097561,data/landmarks/train/01911_class5.npy
1912,0,Point-1f,157,0.9631901840490797,data/landmarks/train/01912_class0.npy
1913,8,Open-twice,43,0.9772727272727273,data/landmarks/train/01913_class8.npy
1914,1,Point-2f,140,0.9523809523809523,data/landmarks/train/01914_class1.npy
1915,7,Throw-right,37,0.8604651162790697,data/landmarks/train/01915_class7.npy
1916,0,Point-1f,145,0.9731543624161074,data/landmarks/train/01916_class0.npy
1917,4,Throw-up,41,0.9318181818181818,data/landmarks/train/01917_class4.npy
1918,8,Open-twice,39,0.975,data/landmarks/train/01918_class8.npy
1919,0,Point-1f,108,0.9310344827586207,data/landmarks/train/01919_class0.npy
1920,12,Zoom-out,26,0.9629629629629629,data/landmarks/train/01920_class12.npy
1921,1,Point-2f,102,0.9272727272727272,data/landmarks/train/01921_class1.npy
1922,11,Zoom-in,28,0.9655172413793104,data/landmarks/train/01922_class11.npy
1923,0,Point-1f,115,0.9663865546218487,data/landmarks/train/01923_class0.npy
1924,6,Throw-left,39,0.9512195121951219,data/landmarks/train/01924_class6.npy
1925,0,Point-1f,104,0.9454545454545454,data/landmarks/train/01925_class0.npy
1926,7,Throw-right,38,0.95,data/landmarks/train/01926_class7.npy
1927,1,Point-2f,117,0.9831932773109243,data/landmarks/train/01927_class1.npy
1928,3,Click-2f,22,1.0,data/landmarks/train/01928_class3.npy
1929,1,Point-2f,104,0.9043478260869565,data/landmarks/train/01929_class1.npy
1930,10,DblClick-2f,37,0.9736842105263158,data/landmarks/train/01930_class10.npy
1931,0,Point-1f,103,0.9035087719298246,data/landmarks/train/01931_class0.npy
1932,2,Click-1f,23,0.9583333333333334,data/landmarks/train/01932_class2.npy
1933,0,Point-1f,111,0.940677966101695,data/landmarks/train/01933_class0.npy
1934,4,Throw-up,39,0.9512195121951219,data/landmarks/train/01934_class4.npy
1935,1,Point-2f,116,0.943089430894309,data/landmarks/train/01935_class1.npy
1936,9,DblClick-1f,32,0.9411764705882353,data/landmarks/train/01936_class9.npy
1937,1,Point-2f,99,0.9339622641509434,data/landmarks/train/01937_class1.npy
1938,5,Throw-down,32,0.8421052631578947,data/landmarks/train/01938_class5.npy
1939,3,Click-2f,81,0.9759036144578314,data/landmarks/train/01939_class3.npy
1940,0,Point-1f,145,0.8734939759036144,data/landmarks/train/01940_class0.npy
1941,6,Throw-left,51,1.0,data/landmarks/train/01941_class6.npy
1942,1,Point-2f,162,0.826530612244898,data/landmarks/train/01942_class1.npy
1943,7,Throw-right,46,0.9583333333333334,data/landmarks/train/01943_class7.npy
1944,1,Point-2f,186,0.8193832599118943,data/landmarks/train/01944_class1.npy
1945,2,Click-1f,55,1.0,data/landmarks/train/01945_class2.npy
1946,0,Point-1f,177,0.8939393939393939,data/landmarks/train/01946_class0.npy
1947,5,Throw-down,62,1.0,data/landmarks/train/01947_class5.npy
1948,1,Point-2f,185,0.8525345622119815,data/landmarks/train/01948_class1.npy
1949,10,DblClick-2f,83,0.9764705882352941,data/landmarks/train/01949_class10.npy
1950,0,Point-1f,211,0.9377777777777778,data/landmarks/train/01950_class0.npy
1951,9,DblClick-1f,82,0.8723404255319149,data/landmarks/train/01951_class9.npy
1952,1,Point-2f,173,0.812206572769953,data/landmarks/train/01952_class1.npy
1953,12,Zoom-out,58,1.0,data/landmarks/train/01953_class12.npy
1954,0,Point-1f,198,0.9565217391304348,data/landmarks/train/01954_class0.npy
1955,11,Zoom-in,56,0.7887323943661971,data/landmarks/train/01955_class11.npy
1956,1,Point-2f,177,0.8592233009708737,data/landmarks/train/01956_class1.npy
1957,8,Open-twice,83,0.9880952380952381,data/landmarks/train/01957_class8.npy
1958,0,Point-1f,140,0.9459459459459459,data/landmarks/train/01958_class0.npy
1959,4,Throw-up,39,0.9285714285714286,data/landmarks/train/01959_class4.npy
1960,2,Click-1f,74,0.9866666666666667,data/landmarks/train/01960_class2.npy
1961,0,Point-1f,191,0.9597989949748744,data/landmarks/train/01961_class0.npy
1962,10,DblClick-2f,98,1.0,data/landmarks/train/01962_class10.npy
1963,0,Point-1f,176,0.9072164948453608,data/landmarks/train/01963_class0.npy
1964,4,Throw-up,50,1.0,data/landmarks/train/01964_class4.npy
1965,1,Point-2f,175,0.8663366336633663,data/landmarks/train/01965_class1.npy
1966,6,Throw-left,57,0.9661016949152542,data/landmarks/train/01966_class6.npy
1967,1,Point-2f,147,0.7577319587628866,data/landmarks/train/01967_class1.npy
1968,7,Throw-right,51,0.9622641509433962,data/landmarks/train/01968_class7.npy
1969,0,Point-1f,150,0.9146341463414634,data/landmarks/train/01969_class0.npy
1970,5,Throw-down,71,0.9594594594594594,data/landmarks/train/01970_class5.npy
1971,0,Point-1f,244,0.9457364341085271,data/landmarks/train/01971_class0.npy
1972,8,Open-twice,85,0.9883720930232558,data/landmarks/train/01972_class8.npy
1973,0,Point-1f,184,0.9108910891089109,data/landmarks/train/01973_class0.npy
1974,12,Zoom-out,60,1.0,data/landmarks/train/01974_class12.npy
1975,1,Point-2f,173,0.865,data/landmarks/train/01975_class1.npy
1976,9,DblClick-1f,83,1.0,data/landmarks/train/01976_class9.npy
1977,1,Point-2f,154,0.8279569892473119,data/landmarks/train/01977_class1.npy
1978,3,Click-2f,73,1.0,data/landmarks/train/01978_class3.npy
1979,1,Point-2f,165,0.859375,data/landmarks/train/01979_class1.npy
1980,11,Zoom-in,33,0.717391304347826,data/landmarks/train/01980_class11.npy
1981,5,Throw-down,57,0.9827586206896551,data/landmarks/train/01981_class5.npy
1982,1,Point-2f,179,0.8861386138613861,data/landmarks/train/01982_class1.npy
1983,2,Click-1f,76,1.0,data/landmarks/train/01983_class2.npy
1984,1,Point-2f,147,0.84,data/landmarks/train/01984_class1.npy
1985,9,DblClick-1f,112,0.9655172413793104,data/landmarks/train/01985_class9.npy
1986,1,Point-2f,144,0.7659574468085106,data/landmarks/train/01986_class1.npy
1987,4,Throw-up,55,0.9821428571428571,data/landmarks/train/01987_class4.npy
1988,0,Point-1f,168,0.8704663212435233,data/landmarks/train/01988_class0.npy
1989,7,Throw-right,52,0.9285714285714286,data/landmarks/train/01989_class7.npy
1990,0,Point-1f,179,0.8564593301435407,data/landmarks/train/01990_class0.npy
1991,8,Open-twice,89,0.9081632653061225,data/landmarks/train/01991_class8.npy
1992,1,Point-2f,149,0.6340425531914894,data/landmarks/train/01992_class1.npy
1993,3,Click-2f,45,0.8823529411764706,data/landmarks/train/01993_class3.npy
1994,0,Point-1f,152,0.8172043010752689,data/landmarks/train/01994_class0.npy
1995,10,DblClick-2f,82,0.8913043478260869,data/landmarks/train/01995_class10.npy
1996,1,Point-2f,140,0.7446808510638298,data/landmarks/train/01996_class1.npy
1997,6,Throw-left,65,0.9848484848484849,data/landmarks/train/01997_class6.npy
1998,0,Point-1f,164,0.8770053475935828,data/landmarks/train/01998_class0.npy
1999,11,Zoom-in,43,0.6825396825396826,data/landmarks/train/01999_class11.npy
2000,0,Point-1f,160,0.9248554913294798,data/landmarks/train/02000_class0.npy
2001,12,Zoom-out,51,0.9272727272727272,data/landmarks/train/02001_class12.npy
2002,3,Click-2f,73,0.9864864864864865,data/landmarks/train/02002_class3.npy
2003,1,Point-2f,143,0.7900552486187845,data/landmarks/train/02003_class1.npy
2004,6,Throw-left,54,0.9642857142857143,data/landmarks/train/02004_class6.npy
2005,1,Point-2f,185,0.9343434343434344,data/landmarks/train/02005_class1.npy
2006,12,Zoom-out,63,0.9692307692307692,data/landmarks/train/02006_class12.npy
2007,1,Point-2f,178,0.8240740740740741,data/landmarks/train/02007_class1.npy
2008,8,Open-twice,92,0.9787234042553191,data/landmarks/train/02008_class8.npy
2009,0,Point-1f,217,0.8966942148760331,data/landmarks/train/02009_class0.npy
2010,4,Throw-up,57,0.9827586206896551,data/landmarks/train/02010_class4.npy
2011,1,Point-2f,177,0.7629310344827587,data/landmarks/train/02011_class1.npy
2012,10,DblClick-2f,86,0.9662921348314607,data/landmarks/train/02012_class10.npy
2013,0,Point-1f,159,0.8112244897959183,data/landmarks/train/02013_class0.npy
2014,9,DblClick-1f,95,1.0,data/landmarks/train/02014_class9.npy
2015,0,Point-1f,201,0.9095022624434389,data/landmarks/train/02015_class0.npy
2016,5,Throw-down,48,1.0,data/landmarks/train/02016_class5.npy
2017,0,Point-1f,174,0.8365384615384616,data/landmarks/train/02017_class0.npy
2018,7,Throw-right,56,0.8115942028985508,data/landmarks/train/02018_class7.npy
2019,0,Point-1f,149,0.9197530864197531,data/landmarks/train/02019_class0.npy
2020,2,Click-1f,86,1.0,data/landmarks/train/02020_class2.npy
2021,1,Point-2f,188,0.8952380952380953,data/landmarks/train/02021_class1.npy
2022,11,Zoom-in,62,0.7126436781609196,data/landmarks/train/02022_class11.npy
2023,10,DblClick-2f,47,1.0,data/landmarks/train/02023_class10.npy
2024,1,Point-2f,71,0.7634408602150538,data/landmarks/train/02024_class1.npy
2025,7,Throw-right,43,0.9772727272727273,data/landmarks/train/02025_class7.npy
2026,0,Point-1f,95,0.8407079646017699,data/landmarks/train/02026_class0.npy
2027,12,Zoom-out,37,0.9736842105263158,data/landmarks/train/02027_class12.npy
2028,0,Point-1f,93,0.7815126050420168,data/landmarks/train/02028_class0.npy
2029,11,Zoom-in,41,0.9761904761904762,data/landmarks/train/02029_class11.npy
2030,0,Point-1f,98,0.7967479674796748,data/landmarks/train/02030_class0.npy
2031,2,Click-1f,28,0.9655172413793104,data/landmarks/train/02031_class2.npy
2032,1,Point-2f,109,0.8934426229508197,data/landmarks/train/02032_class1.npy
2033,6,Throw-left,53,0.9298245614035088,data/landmarks/train/02033_class6.npy
2034,1,Point-2f,115,0.8156028368794326,data/landmarks/train/02034_class1.npy
2035,4,Throw-up,40,0.975609756097561,data/landmarks/train/02035_class4.npy
2036,0,Point-1f,110,0.9243697478991597,data/landmarks/train/02036_class0.npy
2037,8,Open-twice,68,0.9855072463768116,data/landmarks/train/02037_class8.npy
2038,1,Point-2f,127,0.8246753246753247,data/landmarks/train/02038_class1.npy
2039,9,DblClick-1f,53,0.9814814814814815,data/landmarks/train/02039_class9.npy
2040,1,Point-2f,80,0.8602150537634409,data/landmarks/train/02040_class1.npy
2041,5,Throw-down,23,0.7931034482758621,data/landmarks/train/02041_class5.npy
2042,0,Point-1f,92,0.7931034482758621,data/landmarks/train/02042_class0.npy
2043,3,Click-2f,42,0.9767441860465116,data/landmarks/train/02043_class3.npy
2044,8,Open-twice,47,1.0,data/landmarks/train/02044_class8.npy
2045,1,Point-2f,124,0.9185185185185185,data/landmarks/train/02045_class1.npy
2046,12,Zoom-out,41,0.9761904761904762,data/landmarks/train/02046_class12.npy
2047,0,Point-1f,109,0.9159663865546218,data/landmarks/train/02047_class0.npy
2048,10,DblClick-2f,52,0.9629629629629629,data/landmarks/train/02048_class10.npy
2049,0,Point-1f,114,0.8976377952755905,data/landmarks/train/02049_class0.npy
2050,3,Click-2f,46,0.9787234042553191,data/landmarks/train/02050_class3.npy
2051,1,Point-2f,113,0.9338842975206612,data/landmarks/train/02051_class1.npy
2052,9,DblClick-1f,48,0.9795918367346939,data/landmarks/train/02052_class9.npy
2053,0,Point-1f,108,0.7883211678832117,data/landmarks/train/02053_class0.npy
2054,4,Throw-up,41,0.9318181818181818,data/landmarks/train/02054_class4.npy
2055,0,Point-1f,135,0.9574468085106383,data/landmarks/train/02055_class0.npy
2056,7,Throw-right,34,0.8947368421052632,data/landmarks/train/02056_class7.npy
2057,1,Point-2f,125,0.9124087591240876,data/landmarks/train/02057_class1.npy
2058,11,Zoom-in,35,0.9722222222222222,data/landmarks/train/02058_class11.npy
2059,1,Point-2f,114,0.8260869565217391,data/landmarks/train/02059_class1.npy
2060,5,Throw-down,35,0.9210526315789473,data/landmarks/train/02060_class5.npy
2061,1,Point-2f,125,0.9057971014492754,data/landmarks/train/02061_class1.npy
2062,2,Click-1f,48,0.9795918367346939,data/landmarks/train/02062_class2.npy
2063,0,Point-1f,128,0.9411764705882353,data/landmarks/train/02063_class0.npy
2064,6,Throw-left,49,0.98,data/landmarks/train/02064_class6.npy
2065,11,Zoom-in,53,1.0,data/landmarks/train/02065_class11.npy
2066,1,Point-2f,160,0.963855421686747,data/landmarks/train/02066_class1.npy
2067,7,Throw-right,34,0.9714285714285714,data/landmarks/train/02067_class7.npy
2068,1,Point-2f,120,0.6896551724137931,data/landmarks/train/02068_class1.npy
2069,6,Throw-left,36,0.972972972972973,data/landmarks/train/02069_class6.npy
2070,0,Point-1f,119,0.6839080459770115,data/landmarks/train/02070_class0.npy
2071,5,Throw-down,27,0.8181818181818182,data/landmarks/train/02071_class5.npy
2072,1,Point-2f,159,0.7989949748743719,data/landmarks/train/02072_class1.npy
2073,9,DblClick-1f,65,0.9848484848484849,data/landmarks/train/02073_class9.npy
2074,1,Point-2f,91,0.5352941176470588,data/landmarks/train/02074_class1.npy
2075,12,Zoom-out,74,1.0,data/landmarks/train/02075_class12.npy
2076,0,Point-1f,92,0.5859872611464968,data/landmarks/train/02076_class0.npy
2077,3,Click-2f,42,1.0,data/landmarks/train/02077_class3.npy
2078,0,Point-1f,73,0.42196531791907516,data/landmarks/train/02078_class0.npy
2079,2,Click-1f,38,1.0,data/landmarks/train/02079_class2.npy
2080,1,Point-2f,58,0.3790849673202614,data/landmarks/train/02080_class1.npy
2081,4,Throw-up,35,1.0,data/landmarks/train/02081_class4.npy
2082,0,Point-1f,141,0.834319526627219,data/landmarks/train/02082_class0.npy
2083,8,Open-twice,63,0.984375,data/landmarks/train/02083_class8.npy
2084,0,Point-1f,111,0.6379310344827587,data/landmarks/train/02084_class0.npy
2085,10,DblClick-2f,55,0.7432432432432432,data/landmarks/train/02085_class10.npy
2086,8,Open-twice,64,0.9696969696969697,data/landmarks/train/02086_class8.npy
2087,0,Point-1f,116,0.9354838709677419,data/landmarks/train/02087_class0.npy
2088,5,Throw-down,37,0.925,data/landmarks/train/02088_class5.npy
2089,1,Point-2f,118,0.944,data/landmarks/train/02089_class1.npy
2090,3,Click-2f,29,0.9354838709677419,data/landmarks/train/02090_class3.npy
2091,0,Point-1f,111,0.9024390243902439,data/landmarks/train/02091_class0.npy
2092,4,Throw-up,44,0.9777777777777777,data/landmarks/train/02092_class4.npy
2093,1,Point-2f,144,0.993103448275862,data/landmarks/train/02093_class1.npy
2094,7,Throw-right,42,0.9767441860465116,data/landmarks/train/02094_class7.npy
2095,1,Point-2f,124,0.8732394366197183,data/landmarks/train/02095_class1.npy
2096,9,DblClick-1f,49,0.98,data/landmarks/train/02096_class9.npy
2097,0,Point-1f,114,0.7651006711409396,data/landmarks/train/02097_class0.npy
2098,6,Throw-left,39,0.8863636363636364,data/landmarks/train/02098_class6.npy
2099,0,Point-1f,131,0.9225352112676056,data/landmarks/train/02099_class0.npy
2100,2,Click-1f,40,0.975609756097561,data/landmarks/train/02100_class2.npy
2101,1,Point-2f,113,0.7847222222222222,data/landmarks/train/02101_class1.npy
2102,11,Zoom-in,48,0.9795918367346939,data/landmarks/train/02102_class11.npy
2103,1,Point-2f,94,0.831858407079646,data/landmarks/train/02103_class1.npy
2104,10,DblClick-2f,49,0.9074074074074074,data/landmarks/train/02104_class10.npy
2105,0,Point-1f,120,0.8391608391608392,data/landmarks/train/02105_class0.npy
2106,12,Zoom-out,58,0.9830508474576272,data/landmarks/train/02106_class12.npy
2107,7,Throw-right,44,0.9166666666666666,data/landmarks/train/02107_class7.npy
2108,1,Point-2f,161,0.9252873563218391,data/landmarks/train/02108_class1.npy
2109,8,Open-twice,64,1.0,data/landmarks/train/02109_class8.npy
2110,0,Point-1f,180,0.967741935483871,data/landmarks/train/02110_class0.npy
2111,6,Throw-left,50,0.9433962264150944,data/landmarks/train/02111_class6.npy
2112,1,Point-2f,111,0.9736842105263158,data/landmarks/train/02112_class1.npy
2113,12,Zoom-out,62,1.0,data/landmarks/train/02113_class12.npy
2114,1,Point-2f,193,0.946078431372549,data/landmarks/train/02114_class1.npy
2115,9,DblClick-1f,67,0.9710144927536232,data/landmarks/train/02115_class9.npy
2116,0,Point-1f,177,0.917098445595855,data/landmarks/train/02116_class0.npy
2117,11,Zoom-in,69,0.375,data/landmarks/train/02117_class11.npy
2118,1,Point-2f,209,0.81640625,data/landmarks/train/02118_class1.npy
2119,5,Throw-down,44,0.9361702127659575,data/landmarks/train/02119_class5.npy
2120,0,Point-1f,231,0.8651685393258427,data/landmarks/train/02120_class0.npy
2121,10,DblClick-2f,50,0.625,data/landmarks/train/02121_class10.npy
2122,0,Point-1f,199,0.995,data/landmarks/train/02122_class0.npy
2123,3,Click-2f,39,0.9069767441860465,data/landmarks/train/02123_class3.npy
2124,0,Point-1f,119,0.85,data/landmarks/train/02124_class0.npy
2125,2,Click-1f,38,1.0,data/landmarks/train/02125_class2.npy
2126,1,Point-2f,83,0.8736842105263158,data/landmarks/train/02126_class1.npy
2127,4,Throw-up,21,0.6,data/landmarks/train/02127_class4.npy
2128,12,Zoom-out,36,0.9473684210526315,data/landmarks/train/02128_class12.npy
2129,1,Point-2f,151,0.9617834394904459,data/landmarks/train/02129_class1.npy
2130,6,Throw-left,48,0.9411764705882353,data/landmarks/train/02130_class6.npy
2131,1,Point-2f,138,0.9387755102040817,data/landmarks/train/02131_class1.npy
2132,7,Throw-right,38,0.926829268292683,data/landmarks/train/02132_class7.npy
2133,0,Point-1f,182,0.9629629629629629,data/landmarks/train/02133_class0.npy
2134,4,Throw-up,40,0.9523809523809523,data/landmarks/train/02134_class4.npy
2135,0,Point-1f,187,0.9689119170984456,data/landmarks/train/02135_class0.npy
2136,9,DblClick-1f,40,0.5405405405405406,data/landmarks/train/02136_class9.npy
2137,0,Point-1f,120,0.9917355371900827,data/landmarks/train/02137_class0.npy
2138,3,Click-2f,46,0.9787234042553191,data/landmarks/train/02138_class3.npy
2139,1,Point-2f,132,0.9635036496350365,data/landmarks/train/02139_class1.npy
2140,2,Click-1f,48,0.9411764705882353,data/landmarks/train/02140_class2.npy
2141,1,Point-2f,132,0.9428571428571428,data/landmarks/train/02141_class1.npy
2142,5,Throw-down,49,0.5975609756097561,data/landmarks/train/02142_class5.npy
2143,0,Point-1f,248,0.992,data/landmarks/train/02143_class0.npy
2144,11,Zoom-in,79,1.0,data/landmarks/train/02144_class11.npy
2145,0,Point-1f,267,0.996268656716418,data/landmarks/train/02145_class0.npy
2146,8,Open-twice,76,1.0,data/landmarks/train/02146_class8.npy
2147,1,Point-2f,73,0.9358974358974359,data/landmarks/train/02147_class1.npy
2148,10,DblClick-2f,217,0.9117647058823529,data/landmarks/train/02148_class10.npy
2149,2,Click-1f,32,0.45714285714285713,data/landmarks/train/02149_class2.npy
2150,1,Point-2f,186,0.9073170731707317,data/landmarks/train/02150_class1.npy
2151,8,Open-twice,57,1.0,data/landmarks/train/02151_class8.npy
2152,0,Point-1f,139,1.0,data/landmarks/train/02152_class0.npy
2153,4,Throw-up,29,0.9354838709677419,data/landmarks/train/02153_class4.npy
2154,1,Point-2f,202,0.9017857142857143,data/landmarks/train/02154_class1.npy
2155,10,DblClick-2f,48,1.0,data/landmarks/train/02155_class10.npy
2156,1,Point-2f,173,0.8963730569948186,data/landmarks/train/02156_class1.npy
2157,12,Zoom-out,42,0.9767441860465116,data/landmarks/train/02157_class12.npy
2158,0,Point-1f,112,0.9491525423728814,data/landmarks/train/02158_class0.npy
2159,5,Throw-down,57,0.95,data/landmarks/train/02159_class5.npy
2160,0,Point-1f,127,0.9844961240310077,data/landmarks/train/02160_class0.npy
2161,3,Click-2f,59,0.9672131147540983,data/landmarks/train/02161_class3.npy
2162,0,Point-1f,152,0.9934640522875817,data/landmarks/train/02162_class0.npy
2163,6,Throw-left,53,0.9464285714285714,data/landmarks/train/02163_class6.npy
2164,1,Point-2f,338,0.9337016574585635,data/landmarks/train/02164_class1.npy
2165,7,Throw-right,48,0.9230769230769231,data/landmarks/train/02165_class7.npy
2166,0,Point-1f,215,0.9862385321100917,data/landmarks/train/02166_class0.npy
2167,9,DblClick-1f,49,0.9607843137254902,data/landmarks/train/02167_class9.npy
2168,1,Point-2f,214,0.9511111111111111,data/landmarks/train/02168_class1.npy
2169,11,Zoom-in,41,1.0,data/landmarks/train/02169_class11.npy
2170,10,DblClick-2f,43,0.9347826086956522,data/landmarks/train/02170_class10.npy
2171,1,Point-2f,154,0.9005847953216374,data/landmarks/train/02171_class1.npy
2172,4,Throw-up,41,0.9318181818181818,data/landmarks/train/02172_class4.npy
2173,0,Point-1f,188,0.9842931937172775,data/landmarks/train/02173_class0.npy
2174,9,DblClick-1f,75,0.9375,data/landmarks/train/02174_class9.npy
2175,0,Point-1f,165,0.9482758620689655,data/landmarks/train/02175_class0.npy
2176,7,Throw-right,31,0.9393939393939394,data/landmarks/train/02176_class7.npy
2177,0,Point-1f,171,0.9661016949152542,data/landmarks/train/02177_class0.npy
2178,6,Throw-left,43,0.8958333333333334,data/landmarks/train/02178_class6.npy
2179,1,Point-2f,212,0.9098712446351931,data/landmarks/train/02179_class1.npy
2180,8,Open-twice,63,0.9692307692307692,data/landmarks/train/02180_class8.npy
2181,0,Point-1f,160,0.9876543209876543,data/landmarks/train/02181_class0.npy
2182,2,Click-1f,88,0.967032967032967,data/landmarks/train/02182_class2.npy
2183,1,Point-2f,163,0.9261363636363636,data/landmarks/train/02183_class1.npy
2184,12,Zoom-out,39,1.0,data/landmarks/train/02184_class12.npy
2185,0,Point-1f,132,0.9850746268656716,data/landmarks/train/02185_class0.npy
2186,3,Click-2f,40,0.975609756097561,data/landmarks/train/02186_class3.npy
2187,1,Point-2f,156,0.9570552147239264,data/landmarks/train/02187_class1.npy
2188,11,Zoom-in,42,1.0,data/landmarks/train/02188_class11.npy
2189,1,Point-2f,165,0.9269662921348315,data/landmarks/train/02189_class1.npy
2190,5,Throw-down,35,0.6730769230769231,data/landmarks/train/02190_class5.npy
2191,5,Throw-down,73,0.9358974358974359,data/landmarks/train/02191_class5.npy
2192,1,Point-2f,148,0.8314606741573034,data/landmarks/train/02192_class1.npy
2193,4,Throw-up,103,0.944954128440367,data/landmarks/train/02193_class4.npy
2194,1,Point-2f,163,0.9314285714285714,data/landmarks/train/02194_class1.npy
2195,11,Zoom-in,85,0.9659090909090909,data/landmarks/train/02195_class11.npy
2196,0,Point-1f,178,0.9319371727748691,data/landmarks/train/02196_class0.npy
2197,8,Open-twice,109,1.0,data/landmarks/train/02197_class8.npy
2198,1,Point-2f,161,0.8563829787234043,data/landmarks/train/02198_class1.npy
2199,10,DblClick-2f,74,1.0,data/landmarks/train/02199_class10.npy
2200,1,Point-2f,140,0.8383233532934131,data/landmarks/train/02200_class1.npy
2201,7,Throw-right,98,0.9702970297029703,data/landmarks/train/02201_class7.npy
2202,0,Point-1f,150,0.8379888268156425,data/landmarks/train/02202_class0.npy
2203,6,Throw-left,89,0.978021978021978,data/landmarks/train/02203_class6.npy
2204,1,Point-2f,153,0.8895348837209303,data/landmarks/train/02204_class1.npy
2205,3,Click-2f,82,1.0,data/landmarks/train/02205_class3.npy
2206,0,Point-1f,204,0.9400921658986175,data/landmarks/train/02206_class0.npy
2207,9,DblClick-1f,99,0.9252336448598131,data/landmarks/train/02207_class9.npy
2208,0,Point-1f,132,0.8918918918918919,data/landmarks/train/02208_class0.npy
2209,12,Zoom-out,82,0.9879518072289156,data/landmarks/train/02209_class12.npy
2210,0,Point-1f,182,0.9381443298969072,data/landmarks/train/02210_class0.npy
2211,2,Click-1f,66,0.8148148148148148,data/landmarks/train/02211_class2.npy
2212,4,Throw-up,65,0.9848484848484849,data/landmarks/train/02212_class4.npy
2213,0,Point-1f,178,0.9319371727748691,data/landmarks/train/02213_class0.npy
2214,2,Click-1f,47,1.0,data/landmarks/train/02214_class2.npy
2215,1,Point-2f,186,0.9029126213592233,data/landmarks/train/02215_class1.npy
2216,9,DblClick-1f,135,1.0,data/landmarks/train/02216_class9.npy
2217,1,Point-2f,158,0.8449197860962567,data/landmarks/train/02217_class1.npy
2218,3,Click-2f,60,1.0,data/landmarks/train/02218_class3.npy
2219,0,Point-1f,197,0.7635658914728682,data/landmarks/train/02219_class0.npy
2220,11,Zoom-in,99,1.0,data/landmarks/train/02220_class11.npy
2221,1,Point-2f,198,0.8646288209606987,data/landmarks/train/02221_class1.npy
2222,5,Throw-down,65,0.9420289855072463,data/landmarks/train/02222_class5.npy
2223,1,Point-2f,221,0.8947368421052632,data/landmarks/train/02223_class1.npy
2224,10,DblClick-2f,65,1.0,data/landmarks/train/02224_class10.npy
2225,0,Point-1f,224,0.8818897637795275,data/landmarks/train/02225_class0.npy
2226,7,Throw-right,111,1.0,data/landmarks/train/02226_class7.npy
2227,1,Point-2f,229,0.8841698841698842,data/landmarks/train/02227_class1.npy
2228,6,Throw-left,92,0.9583333333333334,data/landmarks/train/02228_class6.npy
2229,0,Point-1f,167,0.8652849740932642,data/landmarks/train/02229_class0.npy
2230,12,Zoom-out,104,1.0,data/landmarks/train/02230_class12.npy
2231,0,Point-1f,169,0.845,data/landmarks/train/02231_class0.npy
2232,8,Open-twice,73,0.948051948051948,data/landmarks/train/02232_class8.npy
2233,3,Click-2f,68,1.0,data/landmarks/train/02233_class3.npy
2234,0,Point-1f,182,0.8921568627450981,data/landmarks/train/02234_class0.npy
2235,11,Zoom-in,60,1.0,data/landmarks/train/02235_class11.npy
2236,1,Point-2f,205,0.9111111111111111,data/landmarks/train/02236_class1.npy
2237,10,DblClick-2f,72,1.0,data/landmarks/train/02237_class10.npy
2238,1,Point-2f,172,0.864321608040201,data/landmarks/train/02238_class1.npy
2239,12,Zoom-out,127,1.0,data/landmarks/train/02239_class12.npy
2240,0,Point-1f,211,0.8577235772357723,data/landmarks/train/02240_class0.npy
2241,4,Throw-up,87,0.9666666666666667,data/landmarks/train/02241_class4.npy
2242,0,Point-1f,156,0.8432432432432433,data/landmarks/train/02242_class0.npy
2243,9,DblClick-1f,82,1.0,data/landmarks/train/02243_class9.npy
2244,1,Point-2f,232,0.8888888888888888,data/landmarks/train/02244_class1.npy
2245,8,Open-twice,101,0.9901960784313726,data/landmarks/train/02245_class8.npy
2246,0,Point-1f,278,0.9055374592833876,data/landmarks/train/02246_class0.npy
2247,7,Throw-right,87,0.9886363636363636,data/landmarks/train/02247_class7.npy
2248,1,Point-2f,164,0.8586387434554974,data/landmarks/train/02248_class1.npy
2249,6,Throw-left,69,0.9857142857142858,data/landmarks/train/02249_class6.npy
2250,1,Point-2f,163,0.8534031413612565,data/landmarks/train/02250_class1.npy
2251,5,Throw-down,68,0.9577464788732394,data/landmarks/train/02251_class5.npy
2252,0,Point-1f,173,0.8826530612244898,data/landmarks/train/02252_class0.npy
2253,2,Click-1f,39,0.9285714285714286,data/landmarks/train/02253_class2.npy
2254,12,Zoom-out,63,1.0,data/landmarks/train/02254_class12.npy
2255,0,Point-1f,201,0.9481132075471698,data/landmarks/train/02255_class0.npy
2256,4,Throw-up,78,0.9873417721518988,data/landmarks/train/02256_class4.npy
2257,0,Point-1f,228,0.926829268292683,data/landmarks/train/02257_class0.npy
2258,9,DblClick-1f,57,1.0,data/landmarks/train/02258_class9.npy
2259,1,Point-2f,184,0.847926267281106,data/landmarks/train/02259_class1.npy
2260,5,Throw-down,120,0.967741935483871,data/landmarks/train/02260_class5.npy
2261,0,Point-1f,251,0.9330855018587361,data/landmarks/train/02261_class0.npy
2262,10,DblClick-2f,170,0.9941520467836257,data/landmarks/train/02262_class10.npy
2263,0,Point-1f,180,0.8571428571428571,data/landmarks/train/02263_class0.npy
2264,8,Open-twice,131,1.0,data/landmarks/train/02264_class8.npy
2265,1,Point-2f,147,0.8698224852071006,data/landmarks/train/02265_class1.npy
2266,2,Click-1f,110,0.990990990990991,data/landmarks/train/02266_class2.npy
2267,1,Point-2f,169,0.8848167539267016,data/landmarks/train/02267_class1.npy
2268,6,Throw-left,149,0.9867549668874173,data/landmarks/train/02268_class6.npy
2269,1,Point-2f,163,0.9588235294117647,data/landmarks/train/02269_class1.npy
2270,11,Zoom-in,67,0.9852941176470589,data/landmarks/train/02270_class11.npy
2271,0,Point-1f,193,0.8894009216589862,data/landmarks/train/02271_class0.npy
2272,7,Throw-right,60,1.0,data/landmarks/train/02272_class7.npy
2273,1,Point-2f,168,0.8983957219251337,data/landmarks/train/02273_class1.npy
2274,3,Click-2f,52,0.8253968253968254,data/landmarks/train/02274_class3.npy
2275,9,DblClick-1f,59,0.9833333333333333,data/landmarks/train/02275_class9.npy
2276,0,Point-1f,105,1.0,data/landmarks/train/02276_class0.npy
2277,7,Throw-right,66,1.0,data/landmarks/train/02277_class7.npy
2278,0,Point-1f,118,1.0,data/landmarks/train/02278_class0.npy
2279,12,Zoom-out,117,1.0,data/landmarks/train/02279_class12.npy
2280,0,Point-1f,83,1.0,data/landmarks/train/02280_class0.npy
2281,2,Click-1f,38,1.0,data/landmarks/train/02281_class2.npy
2282,0,Point-1f,124,1.0,data/landmarks/train/02282_class0.npy
2283,3,Click-2f,108,0.2057142857142857,data/landmarks/train/02283_class3.npy
2284,1,Point-2f,86,1.0,data/landmarks/train/02284_class1.npy
2285,11,Zoom-in,80,0.9876543209876543,data/landmarks/train/02285_class11.npy
2286,1,Point-2f,56,0.8615384615384616,data/landmarks/train/02286_class1.npy
2287,8,Open-twice,86,0.9885057471264368,data/landmarks/train/02287_class8.npy
2288,0,Point-1f,75,1.0,data/landmarks/train/02288_class0.npy
2289,6,Throw-left,67,1.0,data/landmarks/train/02289_class6.npy
2290,1,Point-2f,91,1.0,data/landmarks/train/02290_class1.npy
2291,4,Throw-up,85,1.0,data/landmarks/train/02291_class4.npy
2292,1,Point-2f,78,1.0,data/landmarks/train/02292_class1.npy
2293,5,Throw-down,52,1.0,data/landmarks/train/02293_class5.npy
2294,1,Point-2f,138,0.9928057553956835,data/landmarks/train/02294_class1.npy
2295,10,DblClick-2f,51,1.0,data/landmarks/train/02295_class10.npy
2296,2,Click-1f,62,0.9841269841269841,data/landmarks/train/02296_class2.npy
2297,1,Point-2f,67,1.0,data/landmarks/train/02297_class1.npy
2298,3,Click-2f,60,1.0,data/landmarks/train/02298_class3.npy
2299,1,Point-2f,96,1.0,data/landmarks/train/02299_class1.npy
2300,7,Throw-right,101,1.0,data/landmarks/train/02300_class7.npy
2301,0,Point-1f,111,1.0,data/landmarks/train/02301_class0.npy
2302,9,DblClick-1f,73,0.9864864864864865,data/landmarks/train/02302_class9.npy
2303,1,Point-2f,60,1.0,data/landmarks/train/02303_class1.npy
2304,11,Zoom-in,119,1.0,data/landmarks/train/02304_class11.npy
2305,1,Point-2f,59,1.0,data/landmarks/train/02305_class1.npy
2306,10,DblClick-2f,71,1.0,data/landmarks/train/02306_class10.npy
2307,0,Point-1f,84,1.0,data/landmarks/train/02307_class0.npy
2308,5,Throw-down,81,1.0,data/landmarks/train/02308_class5.npy
2309,1,Point-2f,71,1.0,data/landmarks/train/02309_class1.npy
2310,12,Zoom-out,62,0.9841269841269841,data/landmarks/train/02310_class12.npy
2311,0,Point-1f,64,1.0,data/landmarks/train/02311_class0.npy
2312,4,Throw-up,85,1.0,data/landmarks/train/02312_class4.npy
2313,0,Point-1f,66,1.0,data/landmarks/train/02313_class0.npy
2314,6,Throw-left,75,1.0,data/landmarks/train/02314_class6.npy
2315,0,Point-1f,76,1.0,data/landmarks/train/02315_class0.npy
2316,8,Open-twice,96,0.9696969696969697,data/landmarks/train/02316_class8.npy
2317,8,Open-twice,72,0.9863013698630136,data/landmarks/train/02317_class8.npy
2318,1,Point-2f,78,1.0,data/landmarks/train/02318_class1.npy
2319,4,Throw-up,45,1.0,data/landmarks/train/02319_class4.npy
2320,0,Point-1f,113,1.0,data/landmarks/train/02320_class0.npy
2321,12,Zoom-out,67,1.0,data/landmarks/train/02321_class12.npy
2322,1,Point-2f,66,1.0,data/landmarks/train/02322_class1.npy
2323,7,Throw-right,88,1.0,data/landmarks/train/02323_class7.npy
2324,0,Point-1f,64,1.0,data/landmarks/train/02324_class0.npy
2325,6,Throw-left,67,0.8375,data/landmarks/train/02325_class6.npy
2326,1,Point-2f,76,1.0,data/landmarks/train/02326_class1.npy
2327,2,Click-1f,46,1.0,data/landmarks/train/02327_class2.npy
2328,0,Point-1f,84,1.0,data/landmarks/train/02328_class0.npy
2329,9,DblClick-1f,58,0.9830508474576272,data/landmarks/train/02329_class9.npy
2330,0,Point-1f,94,1.0,data/landmarks/train/02330_class0.npy
2331,11,Zoom-in,88,1.0,data/landmarks/train/02331_class11.npy
2332,1,Point-2f,64,1.0,data/landmarks/train/02332_class1.npy
2333,5,Throw-down,93,1.0,data/landmarks/train/02333_class5.npy
2334,1,Point-2f,62,0.96875,data/landmarks/train/02334_class1.npy
2335,3,Click-2f,74,0.9866666666666667,data/landmarks/train/02335_class3.npy
2336,0,Point-1f,82,1.0,data/landmarks/train/02336_class0.npy
2337,10,DblClick-2f,95,1.0,data/landmarks/train/02337_class10.npy
2338,7,Throw-right,62,0.9841269841269841,data/landmarks/train/02338_class7.npy
2339,0,Point-1f,114,1.0,data/landmarks/train/02339_class0.npy
2340,6,Throw-left,77,1.0,data/landmarks/train/02340_class6.npy
2341,0,Point-1f,77,1.0,data/landmarks/train/02341_class0.npy
2342,4,Throw-up,67,1.0,data/landmarks/train/02342_class4.npy
2343,0,Point-1f,81,1.0,data/landmarks/train/02343_class0.npy
2344,2,Click-1f,80,0.9876543209876543,data/landmarks/train/02344_class2.npy
2345,1,Point-2f,118,1.0,data/landmarks/train/02345_class1.npy
2346,11,Zoom-in,89,1.0,data/landmarks/train/02346_class11.npy
2347,0,Point-1f,94,1.0,data/landmarks/train/02347_class0.npy
2348,8,Open-twice,89,1.0,data/landmarks/train/02348_class8.npy
2349,0,Point-1f,85,1.0,data/landmarks/train/02349_class0.npy
2350,5,Throw-down,72,1.0,data/landmarks/train/02350_class5.npy
2351,1,Point-2f,129,1.0,data/landmarks/train/02351_class1.npy
2352,9,DblClick-1f,72,0.9863013698630136,data/landmarks/train/02352_class9.npy
2353,1,Point-2f,126,1.0,data/landmarks/train/02353_class1.npy
2354,3,Click-2f,72,0.8674698795180723,data/landmarks/train/02354_class3.npy
2355,1,Point-2f,82,1.0,data/landmarks/train/02355_class1.npy
2356,10,DblClick-2f,101,1.0,data/landmarks/train/02356_class10.npy
2357,1,Point-2f,113,1.0,data/landmarks/train/02357_class1.npy
2358,12,Zoom-out,99,1.0,data/landmarks/train/02358_class12.npy
2359,3,Click-2f,91,0.9891304347826086,data/landmarks/train/02359_class3.npy
2360,0,Point-1f,456,1.0,data/landmarks/train/02360_class0.npy
2361,6,Throw-left,56,1.0,data/landmarks/train/02361_class6.npy
2362,0,Point-1f,211,1.0,data/landmarks/train/02362_class0.npy
2363,7,Throw-right,62,1.0,data/landmarks/train/02363_class7.npy
2364,1,Point-2f,350,0.9887005649717514,data/landmarks/train/02364_class1.npy
2365,5,Throw-down,65,0.9701492537313433,data/landmarks/train/02365_class5.npy
2366,1,Point-2f,287,0.9761904761904762,data/landmarks/train/02366_class1.npy
2367,12,Zoom-out,101,1.0,data/landmarks/train/02367_class12.npy
2368,1,Point-2f,385,0.9746835443037974,data/landmarks/train/02368_class1.npy
2369,2,Click-1f,50,0.9803921568627451,data/landmarks/train/02369_class2.npy
2370,0,Point-1f,408,0.9691211401425178,data/landmarks/train/02370_class0.npy
2371,11,Zoom-in,84,1.0,data/landmarks/train/02371_class11.npy
2372,0,Point-1f,386,1.0,data/landmarks/train/02372_class0.npy
2373,10,DblClick-2f,100,0.9900990099009901,data/landmarks/train/02373_class10.npy
2374,1,Point-2f,235,0.8768656716417911,data/landmarks/train/02374_class1.npy
2375,8,Open-twice,138,1.0,data/landmarks/train/02375_class8.npy
2376,0,Point-1f,304,1.0,data/landmarks/train/02376_class0.npy
2377,9,DblClick-1f,96,0.9896907216494846,data/landmarks/train/02377_class9.npy
2378,1,Point-2f,235,0.9591836734693877,data/landmarks/train/02378_class1.npy
2379,4,Throw-up,76,1.0,data/landmarks/train/02379_class4.npy
2380,2,Click-1f,96,1.0,data/landmarks/train/02380_class2.npy
2381,1,Point-2f,354,0.9242819843342036,data/landmarks/train/02381_class1.npy
2382,8,Open-twice,120,1.0,data/landmarks/train/02382_class8.npy
2383,0,Point-1f,338,0.9797101449275363,data/landmarks/train/02383_class0.npy
2384,3,Click-2f,64,1.0,data/landmarks/train/02384_class3.npy
2385,0,Point-1f,270,0.967741935483871,data/landmarks/train/02385_class0.npy
2386,10,DblClick-2f,111,1.0,data/landmarks/train/02386_class10.npy
2387,1,Point-2f,428,0.9406593406593406,data/landmarks/train/02387_class1.npy
2388,6,Throw-left,75,0.9615384615384616,data/landmarks/train/02388_class6.npy
2389,1,Point-2f,376,0.8931116389548693,data/landmarks/train/02389_class1.npy
2390,11,Zoom-in,89,1.0,data/landmarks/train/02390_class11.npy
2391,0,Point-1f,265,1.0,data/landmarks/train/02391_class0.npy
2392,12,Zoom-out,76,0.987012987012987,data/landmarks/train/02392_class12.npy
2393,0,Point-1f,207,0.9951923076923077,data/landmarks/train/02393_class0.npy
2394,7,Throw-right,36,0.972972972972973,data/landmarks/train/02394_class7.npy
2395,1,Point-2f,220,0.88,data/landmarks/train/02395_class1.npy
2396,4,Throw-up,46,1.0,data/landmarks/train/02396_class4.npy
2397,1,Point-2f,260,0.7831325301204819,data/landmarks/train/02397_class1.npy
2398,5,Throw-down,47,0.9591836734693877,data/landmarks/train/02398_class5.npy
2399,0,Point-1f,277,1.0,data/landmarks/train/02399_class0.npy
2400,9,DblClick-1f,83,1.0,data/landmarks/train/02400_class9.npy
2401,0,Point-1f,33,1.0,data/landmarks/train/02401_class0.npy
2402,11,Zoom-in,93,1.0,data/landmarks/train/02402_class11.npy
2403,1,Point-2f,391,0.9421686746987952,data/landmarks/train/02403_class1.npy
2404,12,Zoom-out,102,1.0,data/landmarks/train/02404_class12.npy
2405,1,Point-2f,310,0.9779179810725552,data/landmarks/train/02405_class1.npy
2406,2,Click-1f,130,1.0,data/landmarks/train/02406_class2.npy
2407,1,Point-2f,316,0.9634146341463414,data/landmarks/train/02407_class1.npy
2408,10,DblClick-2f,116,0.9830508474576272,data/landmarks/train/02408_class10.npy
2409,0,Point-1f,295,0.9833333333333333,data/landmarks/train/02409_class0.npy
2410,6,Throw-left,60,0.9836065573770492,data/landmarks/train/02410_class6.npy
2411,0,Point-1f,224,1.0,data/landmarks/train/02411_class0.npy
2412,5,Throw-down,88,1.0,data/landmarks/train/02412_class5.npy
2413,1,Point-2f,378,0.984375,data/landmarks/train/02413_class1.npy
2414,9,DblClick-1f,99,1.0,data/landmarks/train/02414_class9.npy
2415,0,Point-1f,277,1.0,data/landmarks/train/02415_class0.npy
2416,3,Click-2f,53,0.9464285714285714,data/landmarks/train/02416_class3.npy
2417,0,Point-1f,188,0.9690721649484536,data/landmarks/train/02417_class0.npy
2418,4,Throw-up,58,1.0,data/landmarks/train/02418_class4.npy
2419,1,Point-2f,227,0.9956140350877193,data/landmarks/train/02419_class1.npy
2420,7,Throw-right,65,1.0,data/landmarks/train/02420_class7.npy
2421,0,Point-1f,194,0.9948717948717949,data/landmarks/train/02421_class0.npy
2422,8,Open-twice,91,1.0,data/landmarks/train/02422_class8.npy
2423,11,Zoom-in,106,1.0,data/landmarks/train/02423_class11.npy
2424,0,Point-1f,360,0.997229916897507,data/landmarks/train/02424_class0.npy
2425,9,DblClick-1f,118,1.0,data/landmarks/train/02425_class9.npy
2426,0,Point-1f,333,0.9275766016713092,data/landmarks/train/02426_class0.npy
2427,8,Open-twice,132,1.0,data/landmarks/train/02427_class8.npy
2428,1,Point-2f,311,0.8591160220994475,data/landmarks/train/02428_class1.npy
2429,2,Click-1f,105,0.9905660377358491,data/landmarks/train/02429_class2.npy
2430,1,Point-2f,341,0.9045092838196287,data/landmarks/train/02430_class1.npy
2431,5,Throw-down,66,0.9850746268656716,data/landmarks/train/02431_class5.npy
2432,0,Point-1f,298,0.9770491803278688,data/landmarks/train/02432_class0.npy
2433,3,Click-2f,72,1.0,data/landmarks/train/02433_class3.npy
2434,1,Point-2f,342,0.8658227848101265,data/landmarks/train/02434_class1.npy
2435,7,Throw-right,37,1.0,data/landmarks/train/02435_class7.npy
2436,1,Point-2f,189,0.9402985074626866,data/landmarks/train/02436_class1.npy
2437,12,Zoom-out,139,0.9928571428571429,data/landmarks/train/02437_class12.npy
2438,0,Point-1f,268,1.0,data/landmarks/train/02438_class0.npy
2439,6,Throw-left,74,0.9866666666666667,data/landmarks/train/02439_class6.npy
2440,1,Point-2f,394,0.9016018306636155,data/landmarks/train/02440_class1.npy
2441,10,DblClick-2f,103,1.0,data/landmarks/train/02441_class10.npy
2442,0,Point-1f,158,0.9186046511627907,data/landmarks/train/02442_class0.npy
2443,4,Throw-up,53,1.0,data/landmarks/train/02443_class4.npy
2444,9,DblClick-1f,46,1.0,data/landmarks/train/02444_class9.npy
2445,0,Point-1f,243,0.94921875,data/landmarks/train/02445_class0.npy
2446,11,Zoom-in,50,1.0,data/landmarks/train/02446_class11.npy
2447,0,Point-1f,216,0.8674698795180723,data/landmarks/train/02447_class0.npy
2448,8,Open-twice,63,1.0,data/landmarks/train/02448_class8.npy
2449,1,Point-2f,205,0.7427536231884058,data/landmarks/train/02449_class1.npy
2450,2,Click-1f,40,1.0,data/landmarks/train/02450_class2.npy
2451,0,Point-1f,117,0.5441860465116279,data/landmarks/train/02451_class0.npy
2452,5,Throw-down,122,0.6740331491712708,data/landmarks/train/02452_class5.npy
2453,1,Point-2f,181,0.8701923076923077,data/landmarks/train/02453_class1.npy
2454,3,Click-2f,109,1.0,data/landmarks/train/02454_class3.npy
2455,1,Point-2f,231,0.9788135593220338,data/landmarks/train/02455_class1.npy
2456,6,Throw-left,38,0.9743589743589743,data/landmarks/train/02456_class6.npy
2457,0,Point-1f,147,0.6743119266055045,data/landmarks/train/02457_class0.npy
2458,12,Zoom-out,62,0.9393939393939394,data/landmarks/train/02458_class12.npy
2459,1,Point-2f,173,0.9402173913043478,data/landmarks/train/02459_class1.npy
2460,4,Throw-up,58,0.9666666666666667,data/landmarks/train/02460_class4.npy
2461,0,Point-1f,90,0.9782608695652174,data/landmarks/train/02461_class0.npy
2462,7,Throw-right,29,0.9666666666666667,data/landmarks/train/02462_class7.npy
2463,1,Point-2f,90,1.0,data/landmarks/train/02463_class1.npy
2464,10,DblClick-2f,101,0.8859649122807017,data/landmarks/train/02464_class10.npy
2465,2,Click-1f,53,0.9814814814814815,data/landmarks/train/02465_class2.npy
2466,1,Point-2f,66,0.7252747252747253,data/landmarks/train/02466_class1.npy
2467,3,Click-2f,133,0.8471337579617835,data/landmarks/train/02467_class3.npy
2468,0,Point-1f,162,0.9938650306748467,data/landmarks/train/02468_class0.npy
2469,9,DblClick-1f,181,0.8829268292682927,data/landmarks/train/02469_class9.npy
2470,0,Point-1f,181,0.8743961352657005,data/landmarks/train/02470_class0.npy
2471,12,Zoom-out,53,1.0,data/landmarks/train/02471_class12.npy
2472,0,Point-1f,235,0.9591836734693877,data/landmarks/train/02472_class0.npy
2473,6,Throw-left,51,0.9444444444444444,data/landmarks/train/02473_class6.npy
2474,1,Point-2f,218,0.7703180212014135,data/landmarks/train/02474_class1.npy
2475,8,Open-twice,64,1.0,data/landmarks/train/02475_class8.npy
2476,1,Point-2f,194,0.9282296650717703,data/landmarks/train/02476_class1.npy
2477,10,DblClick-2f,41,1.0,data/landmarks/train/02477_class10.npy
2478,0,Point-1f,130,0.9701492537313433,data/landmarks/train/02478_class0.npy
2479,11,Zoom-in,49,0.7101449275362319,data/landmarks/train/02479_class11.npy
2480,1,Point-2f,85,0.4857142857142857,data/landmarks/train/02480_class1.npy
2481,4,Throw-up,41,1.0,data/landmarks/train/02481_class4.npy
2482,0,Point-1f,83,0.6587301587301587,data/landmarks/train/02482_class0.npy
2483,7,Throw-right,40,1.0,data/landmarks/train/02483_class7.npy
2484,1,Point-2f,53,0.6625,data/landmarks/train/02484_class1.npy
2485,5,Throw-down,30,0.75,data/landmarks/train/02485_class5.npy
2486,9,DblClick-1f,47,1.0,data/landmarks/train/02486_class9.npy
2487,1,Point-2f,217,0.9079497907949791,data/landmarks/train/02487_class1.npy
2488,5,Throw-down,34,0.9444444444444444,data/landmarks/train/02488_class5.npy
2489,0,Point-1f,227,0.9537815126050421,data/landmarks/train/02489_class0.npy
2490,10,DblClick-2f,46,1.0,data/landmarks/train/02490_class10.npy
2491,1,Point-2f,108,0.542713567839196,data/landmarks/train/02491_class1.npy
2492,2,Click-1f,48,1.0,data/landmarks/train/02492_class2.npy
2493,1,Point-2f,68,0.3222748815165877,data/landmarks/train/02493_class1.npy
2494,4,Throw-up,44,0.9565217391304348,data/landmarks/train/02494_class4.npy
2495,0,Point-1f,165,0.7971014492753623,data/landmarks/train/02495_class0.npy
2496,8,Open-twice,52,1.0,data/landmarks/train/02496_class8.npy
2497,1,Point-2f,185,0.7939914163090128,data/landmarks/train/02497_class1.npy
2498,3,Click-2f,37,1.0,data/landmarks/train/02498_class3.npy
2499,0,Point-1f,162,0.8901098901098901,data/landmarks/train/02499_class0.npy
2500,11,Zoom-in,40,1.0,data/landmarks/train/02500_class11.npy
2501,0,Point-1f,173,0.9301075268817204,data/landmarks/train/02501_class0.npy
2502,7,Throw-right,35,1.0,data/landmarks/train/02502_class7.npy
2503,0,Point-1f,110,1.0,data/landmarks/train/02503_class0.npy
2504,6,Throw-left,47,0.94,data/landmarks/train/02504_class6.npy
2505,1,Point-2f,221,0.7542662116040956,data/landmarks/train/02505_class1.npy
2506,12,Zoom-out,28,0.9655172413793104,data/landmarks/train/02506_class12.npy
2507,11,Zoom-in,32,0.9696969696969697,data/landmarks/train/02507_class11.npy
2508,1,Point-2f,201,0.8170731707317073,data/landmarks/train/02508_class1.npy
2509,6,Throw-left,25,0.6756756756756757,data/landmarks/train/02509_class6.npy
2510,0,Point-1f,196,0.7424242424242424,data/landmarks/train/02510_class0.npy
2511,7,Throw-right,33,1.0,data/landmarks/train/02511_class7.npy
2512,1,Point-2f,159,0.673728813559322,data/landmarks/train/02512_class1.npy
2513,10,DblClick-2f,39,1.0,data/landmarks/train/02513_class10.npy
2514,0,Point-1f,172,0.9942196531791907,data/landmarks/train/02514_class0.npy
2515,3,Click-2f,42,1.0,data/landmarks/train/02515_class3.npy
2516,0,Point-1f,134,0.8271604938271605,data/landmarks/train/02516_class0.npy
2517,2,Click-1f,33,1.0,data/landmarks/train/02517_class2.npy
2518,0,Point-1f,229,0.9233870967741935,data/landmarks/train/02518_class0.npy
2519,9,DblClick-1f,32,1.0,data/landmarks/train/02519_class9.npy
2520,1,Point-2f,200,0.8547008547008547,data/landmarks/train/02520_class1.npy
2521,8,Open-twice,51,0.9807692307692307,data/landmarks/train/02521_class8.npy
2522,0,Point-1f,121,0.8705035971223022,data/landmarks/train/02522_class0.npy
2523,5,Throw-down,30,0.9090909090909091,data/landmarks/train/02523_class5.npy
2524,1,Point-2f,84,0.5714285714285714,data/landmarks/train/02524_class1.npy
2525,4,Throw-up,31,1.0,data/landmarks/train/02525_class4.npy
2526,1,Point-2f,73,0.4866666666666667,data/landmarks/train/02526_class1.npy
2527,12,Zoom-out,25,0.8064516129032258,data/landmarks/train/02527_class12.npy
2528,3,Click-2f,51,1.0,data/landmarks/train/02528_class3.npy
2529,0,Point-1f,226,1.0,data/landmarks/train/02529_class0.npy
2530,6,Throw-left,108,0.9908256880733946,data/landmarks/train/02530_class6.npy
2531,0,Point-1f,188,0.9842931937172775,data/landmarks/train/02531_class0.npy
2532,7,Throw-right,61,1.0,data/landmarks/train/02532_class7.npy
2533,1,Point-2f,208,0.9904761904761905,data/landmarks/train/02533_class1.npy
2534,5,Throw-down,96,0.9696969696969697,data/landmarks/train/02534_class5.npy
2535,1,Point-2f,235,0.9915611814345991,data/landmarks/train/02535_class1.npy
2536,12,Zoom-out,78,1.0,data/landmarks/train/02536_class12.npy
2537,1,Point-2f,227,0.9826839826839827,data/landmarks/train/02537_class1.npy
2538,2,Click-1f,52,1.0,data/landmarks/train/02538_class2.npy
2539,0,Point-1f,217,1.0,data/landmarks/train/02539_class0.npy
2540,11,Zoom-in,102,1.0,data/landmarks/train/02540_class11.npy
2541,0,Point-1f,201,0.995049504950495,data/landmarks/train/02541_class0.npy
2542,10,DblClick-2f,140,1.0,data/landmarks/train/02542_class10.npy
2543,1,Point-2f,209,0.9675925925925926,data/landmarks/train/02543_class1.npy
2544,8,Open-twice,60,1.0,data/landmarks/train/02544_class8.npy
2545,0,Point-1f,233,0.9628099173553719,data/landmarks/train/02545_class0.npy
2546,9,DblClick-1f,99,1.0,data/landmarks/train/02546_class9.npy
2547,1,Point-2f,271,0.9818840579710145,data/landmarks/train/02547_class1.npy
2548,4,Throw-up,80,0.963855421686747,data/landmarks/train/02548_class4.npy
2549,2,Click-1f,134,1.0,data/landmarks/train/02549_class2.npy
2550,1,Point-2f,160,0.7547169811320755,data/landmarks/train/02550_class1.npy
2551,8,Open-twice,124,1.0,data/landmarks/train/02551_class8.npy
2552,0,Point-1f,200,0.9803921568627451,data/landmarks/train/02552_class0.npy
2553,3,Click-2f,100,1.0,data/landmarks/train/02553_class3.npy
2554,0,Point-1f,253,0.933579335793358,data/landmarks/train/02554_class0.npy
2555,10,DblClick-2f,69,0.9857142857142858,data/landmarks/train/02555_class10.npy
2556,1,Point-2f,247,0.9959677419354839,data/landmarks/train/02556_class1.npy
2557,6,Throw-left,120,1.0,data/landmarks/train/02557_class6.npy
2558,1,Point-2f,199,0.995,data/landmarks/train/02558_class1.npy
2559,11,Zoom-in,91,1.0,data/landmarks/train/02559_class11.npy
2560,0,Point-1f,187,0.9739583333333334,data/landmarks/train/02560_class0.npy
2561,12,Zoom-out,102,1.0,data/landmarks/train/02561_class12.npy
2562,0,Point-1f,193,0.9846938775510204,data/landmarks/train/02562_class0.npy
2563,7,Throw-right,134,0.9852941176470589,data/landmarks/train/02563_class7.npy
2564,1,Point-2f,221,0.9778761061946902,data/landmarks/train/02564_class1.npy
2565,4,Throw-up,116,0.9914529914529915,data/landmarks/train/02565_class4.npy
2566,1,Point-2f,199,0.995,data/landmarks/train/02566_class1.npy
2567,5,Throw-down,88,1.0,data/landmarks/train/02567_class5.npy
2568,0,Point-1f,183,0.9682539682539683,data/landmarks/train/02568_class0.npy
2569,9,DblClick-1f,91,0.9891304347826086,data/landmarks/train/02569_class9.npy
2570,11,Zoom-in,98,1.0,data/landmarks/train/02570_class11.npy
2571,1,Point-2f,200,0.9900990099009901,data/landmarks/train/02571_class1.npy
2572,12,Zoom-out,144,1.0,data/landmarks/train/02572_class12.npy
2573,1,Point-2f,188,0.9842931937172775,data/landmarks/train/02573_class1.npy
2574,2,Click-1f,103,0.9903846153846154,data/landmarks/train/02574_class2.npy
2575,1,Point-2f,236,0.9833333333333333,data/landmarks/train/02575_class1.npy
2576,10,DblClick-2f,106,1.0,data/landmarks/train/02576_class10.npy
2577,0,Point-1f,236,0.979253112033195,data/landmarks/train/02577_class0.npy
2578,6,Throw-left,70,0.958904109589041,data/landmarks/train/02578_class6.npy
2579,0,Point-1f,208,0.9541284403669725,data/landmarks/train/02579_class0.npy
2580,5,Throw-down,46,1.0,data/landmarks/train/02580_class5.npy
2581,1,Point-2f,197,1.0,data/landmarks/train/02581_class1.npy
2582,9,DblClick-1f,90,0.9782608695652174,data/landmarks/train/02582_class9.npy
2583,0,Point-1f,205,0.9903381642512077,data/landmarks/train/02583_class0.npy
2584,3,Click-2f,28,1.0,data/landmarks/train/02584_class3.npy
2585,0,Point-1f,245,0.9879032258064516,data/landmarks/train/02585_class0.npy
2586,4,Throw-up,84,1.0,data/landmarks/train/02586_class4.npy
2587,1,Point-2f,216,0.935064935064935,data/landmarks/train/02587_class1.npy
2588,7,Throw-right,97,1.0,data/landmarks/train/02588_class7.npy
2589,0,Point-1f,214,0.9596412556053812,data/landmarks/train/02589_class0.npy
2590,8,Open-twice,102,1.0,data/landmarks/train/02590_class8.npy
2591,11,Zoom-in,107,0.9907407407407407,data/landmarks/train/02591_class11.npy
2592,0,Point-1f,206,0.976303317535545,data/landmarks/train/02592_class0.npy
2593,9,DblClick-1f,141,1.0,data/landmarks/train/02593_class9.npy
2594,0,Point-1f,255,1.0,data/landmarks/train/02594_class0.npy
2595,8,Open-twice,152,1.0,data/landmarks/train/02595_class8.npy
2596,1,Point-2f,221,0.9954954954954955,data/landmarks/train/02596_class1.npy
2597,2,Click-1f,80,0.9876543209876543,data/landmarks/train/02597_class2.npy
2598,1,Point-2f,224,0.9739130434782609,data/landmarks/train/02598_class1.npy
2599,5,Throw-down,95,0.9895833333333334,data/landmarks/train/02599_class5.npy
2600,0,Point-1f,197,0.9609756097560975,data/landmarks/train/02600_class0.npy
2601,3,Click-2f,79,1.0,data/landmarks/train/02601_class3.npy
2602,1,Point-2f,282,0.9964664310954063,data/landmarks/train/02602_class1.npy
2603,7,Throw-right,105,1.0,data/landmarks/train/02603_class7.npy
2604,1,Point-2f,160,0.963855421686747,data/landmarks/train/02604_class1.npy
2605,12,Zoom-out,129,1.0,data/landmarks/train/02605_class12.npy
2606,0,Point-1f,192,0.9696969696969697,data/landmarks/train/02606_class0.npy
2607,6,Throw-left,104,1.0,data/landmarks/train/02607_class6.npy
2608,1,Point-2f,165,0.9939759036144579,data/landmarks/train/02608_class1.npy
2609,10,DblClick-2f,86,1.0,data/landmarks/train/02609_class10.npy
2610,0,Point-1f,211,0.9504504504504504,data/landmarks/train/02610_class0.npy
2611,4,Throw-up,90,0.9782608695652174,data/landmarks/train/02611_class4.npy
2612,5,Throw-down,62,1.0,data/landmarks/train/02612_class5.npy
2613,1,Point-2f,138,0.9787234042553191,data/landmarks/train/02613_class1.npy
2614,4,Throw-up,60,0.9836065573770492,data/landmarks/train/02614_class4.npy
2615,1,Point-2f,128,0.9846153846153847,data/landmarks/train/02615_class1.npy
2616,11,Zoom-in,54,0.9818181818181818,data/landmarks/train/02616_class11.npy
2617,0,Point-1f,137,0.9927536231884058,data/landmarks/train/02617_class0.npy
2618,8,Open-twice,61,0.9838709677419355,data/landmarks/train/02618_class8.npy
2619,1,Point-2f,140,0.9722222222222222,data/landmarks/train/02619_class1.npy
2620,10,DblClick-2f,64,0.9846153846153847,data/landmarks/train/02620_class10.npy
2621,1,Point-2f,119,0.8814814814814815,data/landmarks/train/02621_class1.npy
2622,7,Throw-right,65,0.9848484848484849,data/landmarks/train/02622_class7.npy
2623,0,Point-1f,141,0.9724137931034482,data/landmarks/train/02623_class0.npy
2624,6,Throw-left,50,1.0,data/landmarks/train/02624_class6.npy
2625,1,Point-2f,128,0.8533333333333334,data/landmarks/train/02625_class1.npy
2626,3,Click-2f,45,0.9782608695652174,data/landmarks/train/02626_class3.npy
2627,0,Point-1f,139,0.9858156028368794,data/landmarks/train/02627_class0.npy
2628,9,DblClick-1f,73,0.9864864864864865,data/landmarks/train/02628_class9.npy
2629,0,Point-1f,134,0.9852941176470589,data/landmarks/train/02629_class0.npy
2630,12,Zoom-out,36,0.972972972972973,data/landmarks/train/02630_class12.npy
2631,0,Point-1f,128,1.0,data/landmarks/train/02631_class0.npy
2632,2,Click-1f,48,0.6666666666666666,data/landmarks/train/02632_class2.npy
2633,4,Throw-up,51,1.0,data/landmarks/train/02633_class4.npy
2634,0,Point-1f,117,0.9669421487603306,data/landmarks/train/02634_class0.npy
2635,2,Click-1f,49,0.98,data/landmarks/train/02635_class2.npy
2636,1,Point-2f,150,0.9933774834437086,data/landmarks/train/02636_class1.npy
2637,9,DblClick-1f,58,0.9830508474576272,data/landmarks/train/02637_class9.npy
2638,1,Point-2f,133,0.9779411764705882,data/landmarks/train/02638_class1.npy
2639,3,Click-2f,71,0.9861111111111112,data/landmarks/train/02639_class3.npy
2640,0,Point-1f,138,0.9928057553956835,data/landmarks/train/02640_class0.npy
2641,11,Zoom-in,77,0.9871794871794872,data/landmarks/train/02641_class11.npy
2642,1,Point-2f,136,0.9855072463768116,data/landmarks/train/02642_class1.npy
2643,5,Throw-down,70,0.9859154929577465,data/landmarks/train/02643_class5.npy
2644,1,Point-2f,131,0.9632352941176471,data/landmarks/train/02644_class1.npy
2645,10,DblClick-2f,60,0.9836065573770492,data/landmarks/train/02645_class10.npy
2646,0,Point-1f,150,0.9868421052631579,data/landmarks/train/02646_class0.npy
2647,7,Throw-right,58,0.9830508474576272,data/landmarks/train/02647_class7.npy
2648,1,Point-2f,144,0.993103448275862,data/landmarks/train/02648_class1.npy
2649,6,Throw-left,55,0.9821428571428571,data/landmarks/train/02649_class6.npy
2650,0,Point-1f,150,1.0,data/landmarks/train/02650_class0.npy
2651,12,Zoom-out,48,0.9795918367346939,data/landmarks/train/02651_class12.npy
2652,0,Point-1f,133,0.9925373134328358,data/landmarks/train/02652_class0.npy
2653,8,Open-twice,78,0.9873417721518988,data/landmarks/train/02653_class8.npy
2654,3,Click-2f,48,1.0,data/landmarks/train/02654_class3.npy
2655,0,Point-1f,133,0.9851851851851852,data/landmarks/train/02655_class0.npy
2656,11,Zoom-in,59,0.9833333333333333,data/landmarks/train/02656_class11.npy
2657,1,Point-2f,151,1.0,data/landmarks/train/02657_class1.npy
2658,10,DblClick-2f,58,0.9830508474576272,data/landmarks/train/02658_class10.npy
2659,1,Point-2f,151,0.9869281045751634,data/landmarks/train/02659_class1.npy
2660,12,Zoom-out,59,0.9833333333333333,data/landmarks/train/02660_class12.npy
2661,0,Point-1f,158,0.9937106918238994,data/landmarks/train/02661_class0.npy
2662,4,Throw-up,53,0.9814814814814815,data/landmarks/train/02662_class4.npy
2663,0,Point-1f,158,1.0,data/landmarks/train/02663_class0.npy
2664,9,DblClick-1f,44,0.9777777777777777,data/landmarks/train/02664_class9.npy
2665,1,Point-2f,140,0.9790209790209791,data/landmarks/train/02665_class1.npy
2666,8,Open-twice,64,0.9846153846153847,data/landmarks/train/02666_class8.npy
2667,0,Point-1f,127,0.9921875,data/landmarks/train/02667_class0.npy
2668,7,Throw-right,52,1.0,data/landmarks/train/02668_class7.npy
2669,1,Point-2f,127,0.9071428571428571,data/landmarks/train/02669_class1.npy
2670,5,Throw-down,13,1.0,data/landmarks/train/02670_class5.npy
2671,6,Throw-left,56,0.9655172413793104,data/landmarks/train/02671_class6.npy
2672,1,Point-2f,126,0.9545454545454546,data/landmarks/train/02672_class1.npy
2673,5,Throw-down,61,0.9838709677419355,data/landmarks/train/02673_class5.npy
2674,0,Point-1f,123,0.9761904761904762,data/landmarks/train/02674_class0.npy
2675,2,Click-1f,57,0.9827586206896551,data/landmarks/train/02675_class2.npy
2676,12,Zoom-out,46,1.0,data/landmarks/train/02676_class12.npy
2677,0,Point-1f,123,0.917910447761194,data/landmarks/train/02677_class0.npy
2678,4,Throw-up,49,0.98,data/landmarks/train/02678_class4.npy
2679,0,Point-1f,122,0.9312977099236641,data/landmarks/train/02679_class0.npy
2680,9,DblClick-1f,64,0.9846153846153847,data/landmarks/train/02680_class9.npy
2681,1,Point-2f,153,0.9683544303797469,data/landmarks/train/02681_class1.npy
2682,5,Throw-down,51,0.9807692307692307,data/landmarks/train/02682_class5.npy
2683,0,Point-1f,134,0.9640287769784173,data/landmarks/train/02683_class0.npy
2684,10,DblClick-2f,63,0.984375,data/landmarks/train/02684_class10.npy
2685,0,Point-1f,141,0.9929577464788732,data/landmarks/train/02685_class0.npy
2686,8,Open-twice,44,0.9777777777777777,data/landmarks/train/02686_class8.npy
2687,1,Point-2f,114,0.8702290076335878,data/landmarks/train/02687_class1.npy
2688,2,Click-1f,50,0.9803921568627451,data/landmarks/train/02688_class2.npy
2689,1,Point-2f,172,0.9885057471264368,data/landmarks/train/02689_class1.npy
2690,6,Throw-left,56,0.9824561403508771,data/landmarks/train/02690_class6.npy
2691,1,Point-2f,135,0.9121621621621622,data/landmarks/train/02691_class1.npy
2692,11,Zoom-in,48,0.9795918367346939,data/landmarks/train/02692_class11.npy
2693,0,Point-1f,148,1.0,data/landmarks/train/02693_class0.npy
2694,7,Throw-right,44,1.0,data/landmarks/train/02694_class7.npy
2695,1,Point-2f,130,0.9558823529411765,data/landmarks/train/02695_class1.npy
2696,3,Click-2f,42,0.9767441860465116,data/landmarks/train/02696_class3.npy
2697,2,Click-1f,28,0.3010752688172043,data/landmarks/train/02697_class2.npy
2698,0,Point-1f,108,0.6352941176470588,data/landmarks/train/02698_class0.npy
2699,7,Throw-right,50,0.9259259259259259,data/landmarks/train/02699_class7.npy
2700,1,Point-2f,93,0.5254237288135594,data/landmarks/train/02700_class1.npy
2701,4,Throw-up,54,0.4864864864864865,data/landmarks/train/02701_class4.npy
2702,0,Point-1f,100,0.6329113924050633,data/landmarks/train/02702_class0.npy
2703,8,Open-twice,65,0.6190476190476191,data/landmarks/train/02703_class8.npy
2704,1,Point-2f,115,0.4811715481171548,data/landmarks/train/02704_class1.npy
2705,11,Zoom-in,56,0.4745762711864407,data/landmarks/train/02705_class11.npy
2706,1,Point-2f,145,0.8682634730538922,data/landmarks/train/02706_class1.npy
2707,9,DblClick-1f,48,0.6857142857142857,data/landmarks/train/02707_class9.npy
2708,0,Point-1f,125,0.5813953488372093,data/landmarks/train/02708_class0.npy
2709,6,Throw-left,56,0.49557522123893805,data/landmarks/train/02709_class6.npy
2710,0,Point-1f,148,0.9548387096774194,data/landmarks/train/02710_class0.npy
2711,5,Throw-down,51,0.4146341463414634,data/landmarks/train/02711_class5.npy
2712,1,Point-2f,121,0.6836158192090396,data/landmarks/train/02712_class1.npy
2713,12,Zoom-out,41,0.5774647887323944,data/landmarks/train/02713_class12.npy
2714,1,Point-2f,125,0.589622641509434,data/landmarks/train/02714_class1.npy
2715,10,DblClick-2f,46,0.3458646616541353,data/landmarks/train/02715_class10.npy
2716,0,Point-1f,133,0.5495867768595041,data/landmarks/train/02716_class0.npy
2717,3,Click-2f,47,0.6103896103896104,data/landmarks/train/02717_class3.npy
2718,5,Throw-down,52,0.5252525252525253,data/landmarks/train/02718_class5.npy
2719,1,Point-2f,129,0.6231884057971014,data/landmarks/train/02719_class1.npy
2720,7,Throw-right,55,0.4263565891472868,data/landmarks/train/02720_class7.npy
2721,0,Point-1f,103,0.7152777777777778,data/landmarks/train/02721_class0.npy
2722,12,Zoom-out,88,0.7719298245614035,data/landmarks/train/02722_class12.npy
2723,0,Point-1f,176,0.8341232227488151,data/landmarks/train/02723_class0.npy
2724,2,Click-1f,27,0.4426229508196721,data/landmarks/train/02724_class2.npy
2725,0,Point-1f,118,0.5700483091787439,data/landmarks/train/02725_class0.npy
2726,4,Throw-up,57,0.59375,data/landmarks/train/02726_class4.npy
2727,1,Point-2f,132,0.6502463054187192,data/landmarks/train/02727_class1.npy
2728,9,DblClick-1f,46,0.34328358208955223,data/landmarks/train/02728_class9.npy
2729,1,Point-2f,134,0.6090909090909091,data/landmarks/train/02729_class1.npy
2730,10,DblClick-2f,52,0.4406779661016949,data/landmarks/train/02730_class10.npy
2731,0,Point-1f,104,0.5777777777777777,data/landmarks/train/02731_class0.npy
2732,11,Zoom-in,50,0.3225806451612903,data/landmarks/train/02732_class11.npy
2733,1,Point-2f,153,0.7183098591549296,data/landmarks/train/02733_class1.npy
2734,3,Click-2f,36,0.1956521739130435,data/landmarks/train/02734_class3.npy
2735,1,Point-2f,123,0.5146443514644351,data/landmarks/train/02735_class1.npy
2736,8,Open-twice,85,0.5704697986577181,data/landmarks/train/02736_class8.npy
2737,0,Point-1f,142,0.8160919540229885,data/landmarks/train/02737_class0.npy
2738,6,Throw-left,53,0.8153846153846154,data/landmarks/train/02738_class6.npy
2739,4,Throw-up,53,0.5145631067961165,data/landmarks/train/02739_class4.npy
2740,0,Point-1f,103,0.6477987421383647,data/landmarks/train/02740_class0.npy
2741,12,Zoom-out,54,0.782608695652174,data/landmarks/train/02741_class12.npy
2742,0,Point-1f,127,0.6018957345971564,data/landmarks/train/02742_class0.npy
2743,3,Click-2f,32,0.3855421686746988,data/landmarks/train/02743_class3.npy
2744,1,Point-2f,148,0.6192468619246861,data/landmarks/train/02744_class1.npy
2745,8,Open-twice,80,0.7017543859649122,data/landmarks/train/02745_class8.npy
2746,1,Point-2f,143,0.6059322033898306,data/landmarks/train/02746_class1.npy
2747,11,Zoom-in,61,0.8591549295774648,data/landmarks/train/02747_class11.npy
2748,0,Point-1f,118,0.543778801843318,data/landmarks/train/02748_class0.npy
2749,2,Click-1f,22,0.5365853658536586,data/landmarks/train/02749_class2.npy
2750,1,Point-2f,93,0.5602409638554217,data/landmarks/train/02750_class1.npy
2751,7,Throw-right,66,0.4782608695652174,data/landmarks/train/02751_class7.npy
2752,1,Point-2f,150,0.7425742574257426,data/landmarks/train/02752_class1.npy
2753,6,Throw-left,49,0.4188034188034188,data/landmarks/train/02753_class6.npy
2754,0,Point-1f,111,0.7449664429530202,data/landmarks/train/02754_class0.npy
2755,10,DblClick-2f,45,0.31690140845070425,data/landmarks/train/02755_class10.npy
2756,1,Point-2f,116,0.58,data/landmarks/train/02756_class1.npy
2757,5,Throw-down,53,0.3212121212121212,data/landmarks/train/02757_class5.npy
2758,0,Point-1f,126,0.8076923076923077,data/landmarks/train/02758_class0.npy
2759,9,DblClick-1f,50,0.5494505494505495,data/landmarks/train/02759_class9.npy
2760,12,Zoom-out,47,0.5108695652173914,data/landmarks/train/02760_class12.npy
2761,1,Point-2f,106,0.585635359116022,data/landmarks/train/02761_class1.npy
2762,8,Open-twice,80,0.49079754601226994,data/landmarks/train/02762_class8.npy
2763,0,Point-1f,103,0.7357142857142858,data/landmarks/train/02763_class0.npy
2764,11,Zoom-in,43,0.296551724137931,data/landmarks/train/02764_class11.npy
2765,1,Point-2f,110,0.8088235294117647,data/landmarks/train/02765_class1.npy
2766,6,Throw-left,49,0.3769230769230769,data/landmarks/train/02766_class6.npy
2767,0,Point-1f,102,0.6375,data/landmarks/train/02767_class0.npy
2768,2,Click-1f,35,0.25925925925925924,data/landmarks/train/02768_class2.npy
2769,0,Point-1f,141,0.705,data/landmarks/train/02769_class0.npy
2770,5,Throw-down,50,0.42735042735042733,data/landmarks/train/02770_class5.npy
2771,0,Point-1f,119,0.616580310880829,data/landmarks/train/02771_class0.npy
2772,4,Throw-up,56,0.5333333333333333,data/landmarks/train/02772_class4.npy
2773,0,Point-1f,110,0.5978260869565217,data/landmarks/train/02773_class0.npy
2774,7,Throw-right,53,0.424,data/landmarks/train/02774_class7.npy
2775,1,Point-2f,122,0.44525547445255476,data/landmarks/train/02775_class1.npy
2776,3,Click-2f,26,0.4126984126984127,data/landmarks/train/02776_class3.npy
2777,1,Point-2f,116,0.48535564853556484,data/landmarks/train/02777_class1.npy
2778,10,DblClick-2f,38,0.7755102040816326,data/landmarks/train/02778_class10.npy
2779,1,Point-2f,123,0.44244604316546765,data/landmarks/train/02779_class1.npy
2780,9,DblClick-1f,49,0.9423076923076923,data/landmarks/train/02780_class9.npy
2781,12,Zoom-out,30,0.967741935483871,data/landmarks/train/02781_class12.npy
2782,0,Point-1f,370,0.9788359788359788,data/landmarks/train/02782_class0.npy
2783,8,Open-twice,53,1.0,data/landmarks/train/02783_class8.npy
2784,0,Point-1f,325,0.9393063583815029,data/landmarks/train/02784_class0.npy
2785,4,Throw-up,52,1.0,data/landmarks/train/02785_class4.npy
2786,1,Point-2f,249,0.7685185185185185,data/landmarks/train/02786_class1.npy
2787,10,DblClick-2f,33,1.0,data/landmarks/train/02787_class10.npy
2788,0,Point-1f,157,0.8626373626373627,data/landmarks/train/02788_class0.npy
2789,7,Throw-right,72,0.96,data/landmarks/train/02789_class7.npy
2790,1,Point-2f,290,0.8814589665653495,data/landmarks/train/02790_class1.npy
2791,11,Zoom-in,49,1.0,data/landmarks/train/02791_class11.npy
2792,1,Point-2f,251,0.8715277777777778,data/landmarks/train/02792_class1.npy
2793,5,Throw-down,38,0.926829268292683,data/landmarks/train/02793_class5.npy
2794,1,Point-2f,280,0.813953488372093,data/landmarks/train/02794_class1.npy
2795,3,Click-2f,24,0.96,data/landmarks/train/02795_class3.npy
2796,0,Point-1f,271,0.9344827586206896,data/landmarks/train/02796_class0.npy
2797,2,Click-1f,36,1.0,data/landmarks/train/02797_class2.npy
2798,0,Point-1f,58,0.5225225225225225,data/landmarks/train/02798_class0.npy
2799,6,Throw-left,33,0.6111111111111112,data/landmarks/train/02799_class6.npy
2800,1,Point-2f,46,0.42201834862385323,data/landmarks/train/02800_class1.npy
2801,9,DblClick-1f,43,1.0,data/landmarks/train/02801_class9.npy
2802,4,Throw-up,35,0.9722222222222222,data/landmarks/train/02802_class4.npy
2803,0,Point-1f,275,0.9548611111111112,data/landmarks/train/02803_class0.npy
2804,10,DblClick-2f,51,1.0,data/landmarks/train/02804_class10.npy
2805,0,Point-1f,207,0.8697478991596639,data/landmarks/train/02805_class0.npy
2806,3,Click-2f,25,1.0,data/landmarks/train/02806_class3.npy
2807,1,Point-2f,119,0.7391304347826086,data/landmarks/train/02807_class1.npy
2808,5,Throw-down,34,0.8717948717948718,data/landmarks/train/02808_class5.npy
2809,0,Point-1f,206,0.976303317535545,data/landmarks/train/02809_class0.npy
2810,11,Zoom-in,39,0.975,data/landmarks/train/02810_class11.npy
2811,1,Point-2f,247,0.7462235649546828,data/landmarks/train/02811_class1.npy
2812,7,Throw-right,50,1.0,data/landmarks/train/02812_class7.npy
2813,1,Point-2f,301,0.8269230769230769,data/landmarks/train/02813_class1.npy
2814,9,DblClick-1f,41,1.0,data/landmarks/train/02814_class9.npy
2815,1,Point-2f,215,0.7363013698630136,data/landmarks/train/02815_class1.npy
2816,2,Click-1f,37,1.0,data/landmarks/train/02816_class2.npy
2817,0,Point-1f,135,0.6716417910447762,data/landmarks/train/02817_class0.npy
2818,6,Throw-left,39,0.975,data/landmarks/train/02818_class6.npy
2819,0,Point-1f,110,0.990990990990991,data/landmarks/train/02819_class0.npy
2820,8,Open-twice,60,1.0,data/landmarks/train/02820_class8.npy
2821,1,Point-2f,65,0.6435643564356436,data/landmarks/train/02821_class1.npy
2822,12,Zoom-out,36,0.972972972972973,data/landmarks/train/02822_class12.npy
2823,5,Throw-down,39,0.9069767441860465,data/landmarks/train/02823_class5.npy
2824,1,Point-2f,268,0.9537366548042705,data/landmarks/train/02824_class1.npy
2825,12,Zoom-out,36,1.0,data/landmarks/train/02825_class12.npy
2826,1,Point-2f,244,0.8133333333333334,data/landmarks/train/02826_class1.npy
2827,2,Click-1f,27,1.0,data/landmarks/train/02827_class2.npy
2828,1,Point-2f,113,0.46887966804979253,data/landmarks/train/02828_class1.npy
2829,9,DblClick-1f,51,1.0,data/landmarks/train/02829_class9.npy
2830,0,Point-1f,195,0.9112149532710281,data/landmarks/train/02830_class0.npy
2831,10,DblClick-2f,48,0.9795918367346939,data/landmarks/train/02831_class10.npy
2832,0,Point-1f,223,0.9409282700421941,data/landmarks/train/02832_class0.npy
2833,3,Click-2f,34,0.9714285714285714,data/landmarks/train/02833_class3.npy
2834,0,Point-1f,217,0.8188679245283019,data/landmarks/train/02834_class0.npy
2835,8,Open-twice,62,1.0,data/landmarks/train/02835_class8.npy
2836,0,Point-1f,269,0.7958579881656804,data/landmarks/train/02836_class0.npy
2837,11,Zoom-in,34,1.0,data/landmarks/train/02837_class11.npy
2838,1,Point-2f,171,0.8724489795918368,data/landmarks/train/02838_class1.npy
2839,6,Throw-left,49,0.98,data/landmarks/train/02839_class6.npy
2840,0,Point-1f,106,1.0,data/landmarks/train/02840_class0.npy
2841,7,Throw-right,50,0.9803921568627451,data/landmarks/train/02841_class7.npy
2842,1,Point-2f,135,0.8823529411764706,data/landmarks/train/02842_class1.npy
2843,4,Throw-up,35,1.0,data/landmarks/train/02843_class4.npy
2844,9,DblClick-1f,46,0.9787234042553191,data/landmarks/train/02844_class9.npy
2845,0,Point-1f,257,0.9178571428571428,data/landmarks/train/02845_class0.npy
2846,12,Zoom-out,29,1.0,data/landmarks/train/02846_class12.npy
2847,1,Point-2f,267,0.853035143769968,data/landmarks/train/02847_class1.npy
2848,5,Throw-down,46,1.0,data/landmarks/train/02848_class5.npy
2849,1,Point-2f,259,0.7057220708446866,data/landmarks/train/02849_class1.npy
2850,2,Click-1f,25,1.0,data/landmarks/train/02850_class2.npy
2851,1,Point-2f,149,0.8142076502732241,data/landmarks/train/02851_class1.npy
2852,11,Zoom-in,44,1.0,data/landmarks/train/02852_class11.npy
2853,1,Point-2f,313,0.9178885630498533,data/landmarks/train/02853_class1.npy
2854,10,DblClick-2f,40,1.0,data/landmarks/train/02854_class10.npy
2855,0,Point-1f,189,0.863013698630137,data/landmarks/train/02855_class0.npy
2856,7,Throw-right,56,0.9824561403508771,data/landmarks/train/02856_class7.npy
2857,0,Point-1f,178,0.9035532994923858,data/landmarks/train/02857_class0.npy
2858,3,Click-2f,32,0.9696969696969697,data/landmarks/train/02858_class3.npy
2859,0,Point-1f,167,0.8520408163265306,data/landmarks/train/02859_class0.npy
2860,4,Throw-up,36,1.0,data/landmarks/train/02860_class4.npy
2861,0,Point-1f,234,0.9512195121951219,data/landmarks/train/02861_class0.npy
2862,8,Open-twice,48,1.0,data/landmarks/train/02862_class8.npy
2863,1,Point-2f,106,0.6883116883116883,data/landmarks/train/02863_class1.npy
2864,6,Throw-left,36,0.8780487804878049,data/landmarks/train/02864_class6.npy
2865,9,DblClick-1f,83,0.9880952380952381,data/landmarks/train/02865_class9.npy
2866,0,Point-1f,237,0.8681318681318682,data/landmarks/train/02866_class0.npy
2867,8,Open-twice,77,1.0,data/landmarks/train/02867_class8.npy
2868,0,Point-1f,214,0.9469026548672567,data/landmarks/train/02868_class0.npy
2869,10,DblClick-2f,83,0.9651162790697675,data/landmarks/train/02869_class10.npy
2870,0,Point-1f,231,0.9788135593220338,data/landmarks/train/02870_class0.npy
2871,6,Throw-left,86,0.9885057471264368,data/landmarks/train/02871_class6.npy
2872,0,Point-1f,259,0.9773584905660377,data/landmarks/train/02872_class0.npy
2873,12,Zoom-out,60,1.0,data/landmarks/train/02873_class12.npy
2874,1,Point-2f,277,0.9358108108108109,data/landmarks/train/02874_class1.npy
2875,5,Throw-down,77,1.0,data/landmarks/train/02875_class5.npy
2876,0,Point-1f,178,0.9417989417989417,data/landmarks/train/02876_class0.npy
2877,2,Click-1f,47,1.0,data/landmarks/train/02877_class2.npy
2878,1,Point-2f,287,0.9140127388535032,data/landmarks/train/02878_class1.npy
2879,7,Throw-right,64,0.9846153846153847,data/landmarks/train/02879_class7.npy
2880,1,Point-2f,186,0.7237354085603113,data/landmarks/train/02880_class1.npy
2881,3,Click-2f,71,1.0,data/landmarks/train/02881_class3.npy
2882,1,Point-2f,265,0.889261744966443,data/landmarks/train/02882_class1.npy
2883,11,Zoom-in,58,0.9830508474576272,data/landmarks/train/02883_class11.npy
2884,1,Point-2f,199,0.9707317073170731,data/landmarks/train/02884_class1.npy
2885,4,Throw-up,67,1.0,data/landmarks/train/02885_class4.npy
2886,8,Open-twice,68,0.9855072463768116,data/landmarks/train/02886_class8.npy
2887,1,Point-2f,218,0.9396551724137931,data/landmarks/train/02887_class1.npy
2888,9,DblClick-1f,91,1.0,data/landmarks/train/02888_class9.npy
2889,0,Point-1f,215,0.8143939393939394,data/landmarks/train/02889_class0.npy
2890,10,DblClick-2f,72,1.0,data/landmarks/train/02890_class10.npy
2891,0,Point-1f,175,0.8838383838383839,data/landmarks/train/02891_class0.npy
2892,12,Zoom-out,79,1.0,data/landmarks/train/02892_class12.npy
2893,1,Point-2f,197,0.8602620087336245,data/landmarks/train/02893_class1.npy
2894,4,Throw-up,99,1.0,data/landmarks/train/02894_class4.npy
2895,1,Point-2f,197,0.8565217391304348,data/landmarks/train/02895_class1.npy
2896,6,Throw-left,90,0.989010989010989,data/landmarks/train/02896_class6.npy
2897,0,Point-1f,159,0.8784530386740331,data/landmarks/train/02897_class0.npy
2898,5,Throw-down,49,1.0,data/landmarks/train/02898_class5.npy
2899,0,Point-1f,204,0.8192771084337349,data/landmarks/train/02899_class0.npy
2900,3,Click-2f,52,1.0,data/landmarks/train/02900_class3.npy
2901,0,Point-1f,221,0.8215613382899628,data/landmarks/train/02901_class0.npy
2902,7,Throw-right,60,1.0,data/landmarks/train/02902_class7.npy
2903,1,Point-2f,261,0.9354838709677419,data/landmarks/train/02903_class1.npy
2904,11,Zoom-in,98,1.0,data/landmarks/train/02904_class11.npy
2905,1,Point-2f,142,0.6926829268292682,data/landmarks/train/02905_class1.npy
2906,2,Click-1f,57,1.0,data/landmarks/train/02906_class2.npy
2907,11,Zoom-in,47,1.0,data/landmarks/train/02907_class11.npy
2908,1,Point-2f,193,0.8894009216589862,data/landmarks/train/02908_class1.npy
2909,7,Throw-right,68,1.0,data/landmarks/train/02909_class7.npy
2910,0,Point-1f,150,0.746268656716418,data/landmarks/train/02910_class0.npy
2911,9,DblClick-1f,63,1.0,data/landmarks/train/02911_class9.npy
2912,0,Point-1f,181,0.9526315789473684,data/landmarks/train/02912_class0.npy
2913,5,Throw-down,101,0.9711538461538461,data/landmarks/train/02913_class5.npy
2914,0,Point-1f,196,0.7871485943775101,data/landmarks/train/02914_class0.npy
2915,8,Open-twice,89,1.0,data/landmarks/train/02915_class8.npy
2916,0,Point-1f,160,0.7655502392344498,data/landmarks/train/02916_class0.npy
2917,3,Click-2f,56,1.0,data/landmarks/train/02917_class3.npy
2918,1,Point-2f,158,0.7452830188679245,data/landmarks/train/02918_class1.npy
2919,2,Click-1f,77,1.0,data/landmarks/train/02919_class2.npy
2920,1,Point-2f,156,0.8167539267015707,data/landmarks/train/02920_class1.npy
2921,12,Zoom-out,69,1.0,data/landmarks/train/02921_class12.npy
2922,1,Point-2f,239,0.9227799227799228,data/landmarks/train/02922_class1.npy
2923,6,Throw-left,73,0.8295454545454546,data/landmarks/train/02923_class6.npy
2924,1,Point-2f,206,0.9716981132075472,data/landmarks/train/02924_class1.npy
2925,4,Throw-up,72,0.9863013698630136,data/landmarks/train/02925_class4.npy
2926,0,Point-1f,172,0.7782805429864253,data/landmarks/train/02926_class0.npy
2927,10,DblClick-2f,85,1.0,data/landmarks/train/02927_class10.npy
2928,5,Throw-down,53,0.9814814814814815,data/landmarks/train/02928_class5.npy
2929,0,Point-1f,181,0.923469387755102,data/landmarks/train/02929_class0.npy
2930,7,Throw-right,38,0.9743589743589743,data/landmarks/train/02930_class7.npy
2931,0,Point-1f,159,0.7571428571428571,data/landmarks/train/02931_class0.npy
2932,12,Zoom-out,74,1.0,data/landmarks/train/02932_class12.npy
2933,0,Point-1f,154,0.7979274611398963,data/landmarks/train/02933_class0.npy
2934,8,Open-twice,99,0.8461538461538461,data/landmarks/train/02934_class8.npy
2935,0,Point-1f,155,0.7598039215686274,data/landmarks/train/02935_class0.npy
2936,10,DblClick-2f,60,0.9836065573770492,data/landmarks/train/02936_class10.npy
2937,1,Point-2f,145,0.847953216374269,data/landmarks/train/02937_class1.npy
2938,6,Throw-left,81,0.9878048780487805,data/landmarks/train/02938_class6.npy
2939,1,Point-2f,181,0.9187817258883249,data/landmarks/train/02939_class1.npy
2940,4,Throw-up,88,1.0,data/landmarks/train/02940_class4.npy
2941,0,Point-1f,193,0.9414634146341463,data/landmarks/train/02941_class0.npy
2942,3,Click-2f,71,0.9861111111111112,data/landmarks/train/02942_class3.npy
2943,1,Point-2f,202,0.8487394957983193,data/landmarks/train/02943_class1.npy
2944,2,Click-1f,107,0.9385964912280702,data/landmarks/train/02944_class2.npy
2945,1,Point-2f,149,0.8142076502732241,data/landmarks/train/02945_class1.npy
2946,9,DblClick-1f,78,0.9873417721518988,data/landmarks/train/02946_class9.npy
2947,1,Point-2f,126,0.7682926829268293,data/landmarks/train/02947_class1.npy
2948,11,Zoom-in,97,1.0,data/landmarks/train/02948_class11.npy
2949,11,Zoom-in,72,0.75,data/landmarks/train/02949_class11.npy
2950,1,Point-2f,76,0.2695035460992908,data/landmarks/train/02950_class1.npy
2951,5,Throw-down,40,0.6060606060606061,data/landmarks/train/02951_class5.npy
2952,0,Point-1f,163,0.5077881619937694,data/landmarks/train/02952_class0.npy
2953,6,Throw-left,44,0.6470588235294118,data/landmarks/train/02953_class6.npy
2954,0,Point-1f,127,0.5497835497835498,data/landmarks/train/02954_class0.npy
2955,2,Click-1f,39,1.0,data/landmarks/train/02955_class2.npy
2956,1,Point-2f,18,0.058823529411764705,data/landmarks/train/02956_class1.npy
2958,1,Point-2f,22,0.07773851590106007,data/landmarks/train/02958_class1.npy
2959,12,Zoom-out,4,0.08888888888888889,data/landmarks/train/02959_class12.npy
2960,0,Point-1f,73,0.32589285714285715,data/landmarks/train/02960_class0.npy
2961,10,DblClick-2f,16,0.3404255319148936,data/landmarks/train/02961_class10.npy
2963,3,Click-2f,26,0.5306122448979592,data/landmarks/train/02963_class3.npy
2964,1,Point-2f,76,0.35514018691588783,data/landmarks/train/02964_class1.npy
2965,7,Throw-right,95,0.9405940594059405,data/landmarks/train/02965_class7.npy
2966,0,Point-1f,196,0.6950354609929078,data/landmarks/train/02966_class0.npy
2967,4,Throw-up,58,0.9354838709677419,data/landmarks/train/02967_class4.npy
2968,0,Point-1f,137,0.556910569105691,data/landmarks/train/02968_class0.npy
2969,8,Open-twice,82,1.0,data/landmarks/train/02969_class8.npy
2970,9,DblClick-1f,62,1.0,data/landmarks/train/02970_class9.npy
2971,0,Point-1f,282,1.0,data/landmarks/train/02971_class0.npy
2972,7,Throw-right,70,0.9459459459459459,data/landmarks/train/02972_class7.npy
2973,1,Point-2f,275,0.919732441471572,data/landmarks/train/02973_class1.npy
2974,4,Throw-up,58,1.0,data/landmarks/train/02974_class4.npy
2975,0,Point-1f,338,1.0,data/landmarks/train/02975_class0.npy
2976,2,Click-1f,36,1.0,data/landmarks/train/02976_class2.npy
2977,1,Point-2f,189,0.9692307692307692,data/landmarks/train/02977_class1.npy
2978,6,Throw-left,66,0.8048780487804879,data/landmarks/train/02978_class6.npy
2979,0,Point-1f,105,1.0,data/landmarks/train/02979_class0.npy
2980,5,Throw-down,72,0.9863013698630136,data/landmarks/train/02980_class5.npy
2981,0,Point-1f,178,1.0,data/landmarks/train/02981_class0.npy
2982,3,Click-2f,37,1.0,data/landmarks/train/02982_class3.npy
2983,1,Point-2f,230,0.9504132231404959,data/landmarks/train/02983_class1.npy
2984,12,Zoom-out,62,1.0,data/landmarks/train/02984_class12.npy
2985,1,Point-2f,158,0.8186528497409327,data/landmarks/train/02985_class1.npy
2986,10,DblClick-2f,39,0.975,data/landmarks/train/02986_class10.npy
2987,1,Point-2f,201,0.9262672811059908,data/landmarks/train/02987_class1.npy
2988,11,Zoom-in,2,0.03389830508474576,data/landmarks/train/02988_class11.npy
2989,0,Point-1f,161,0.5296052631578947,data/landmarks/train/02989_class0.npy
2990,8,Open-twice,111,1.0,data/landmarks/train/02990_class8.npy
2991,3,Click-2f,54,0.9642857142857143,data/landmarks/train/02991_class3.npy
2992,1,Point-2f,247,0.8981818181818182,data/landmarks/train/02992_class1.npy
2993,9,DblClick-1f,58,1.0,data/landmarks/train/02993_class9.npy
2994,0,Point-1f,241,0.964,data/landmarks/train/02994_class0.npy
2995,2,Click-1f,27,1.0,data/landmarks/train/02995_class2.npy
2996,1,Point-2f,253,0.9405204460966543,data/landmarks/train/02996_class1.npy
2997,10,DblClick-2f,40,1.0,data/landmarks/train/02997_class10.npy
2998,0,Point-1f,262,0.9924242424242424,data/landmarks/train/02998_class0.npy
2999,5,Throw-down,90,1.0,data/landmarks/train/02999_class5.npy
3000,0,Point-1f,228,1.0,data/landmarks/train/03000_class0.npy
3001,4,Throw-up,68,1.0,data/landmarks/train/03001_class4.npy
3002,0,Point-1f,327,0.956140350877193,data/landmarks/train/03002_class0.npy
3003,6,Throw-left,55,0.859375,data/landmarks/train/03003_class6.npy
3004,0,Point-1f,217,1.0,data/landmarks/train/03004_class0.npy
3005,7,Throw-right,56,0.9032258064516129,data/landmarks/train/03005_class7.npy
3006,1,Point-2f,186,0.9073170731707317,data/landmarks/train/03006_class1.npy
3007,12,Zoom-out,45,0.9782608695652174,data/landmarks/train/03007_class12.npy
3008,1,Point-2f,194,0.7404580152671756,data/landmarks/train/03008_class1.npy
3009,11,Zoom-in,49,1.0,data/landmarks/train/03009_class11.npy
3010,1,Point-2f,148,0.9801324503311258,data/landmarks/train/03010_class1.npy
3011,8,Open-twice,80,1.0,data/landmarks/train/03011_class8.npy
3012,10,DblClick-2f,66,0.9850746268656716,data/landmarks/train/03012_class10.npy
3013,1,Point-2f,303,0.926605504587156,data/landmarks/train/03013_class1.npy
3014,8,Open-twice,45,1.0,data/landmarks/train/03014_class8.npy
3015,1,Point-2f,192,0.6981818181818182,data/landmarks/train/03015_class1.npy
3016,5,Throw-down,68,1.0,data/landmarks/train/03016_class5.npy
3017,1,Point-2f,194,0.7950819672131147,data/landmarks/train/03017_class1.npy
3018,4,Throw-up,60,1.0,data/landmarks/train/03018_class4.npy
3019,1,Point-2f,273,0.9130434782608695,data/landmarks/train/03019_class1.npy
3020,12,Zoom-out,43,0.9555555555555556,data/landmarks/train/03020_class12.npy
3021,0,Point-1f,246,0.9111111111111111,data/landmarks/train/03021_class0.npy
3022,9,DblClick-1f,32,0.49230769230769234,data/landmarks/train/03022_class9.npy
3023,0,Point-1f,235,0.9108527131782945,data/landmarks/train/03023_class0.npy
3024,7,Throw-right,73,0.948051948051948,data/landmarks/train/03024_class7.npy
3025,0,Point-1f,257,0.9734848484848485,data/landmarks/train/03025_class0.npy
3026,3,Click-2f,36,1.0,data/landmarks/train/03026_class3.npy
3027,0,Point-1f,238,0.9482071713147411,data/landmarks/train/03027_class0.npy
3028,2,Click-1f,30,1.0,data/landmarks/train/03028_class2.npy
3029,0,Point-1f,240,0.995850622406639,data/landmarks/train/03029_class0.npy
3030,6,Throw-left,67,0.8933333333333333,data/landmarks/train/03030_class6.npy
3031,1,Point-2f,136,0.9444444444444444,data/landmarks/train/03031_class1.npy
3032,11,Zoom-in,42,1.0,data/landmarks/train/03032_class11.npy
3033,12,Zoom-out,37,0.5873015873015873,data/landmarks/train/03033_class12.npy
3034,0,Point-1f,127,0.6225490196078431,data/landmarks/train/03034_class0.npy
3035,9,DblClick-1f,95,1.0,data/landmarks/train/03035_class9.npy
3036,1,Point-2f,143,0.9166666666666666,data/landmarks/train/03036_class1.npy
3037,6,Throw-left,100,1.0,data/landmarks/train/03037_class6.npy
3038,1,Point-2f,206,0.976303317535545,data/landmarks/train/03038_class1.npy
3039,11,Zoom-in,86,1.0,data/landmarks/train/03039_class11.npy
3040,1,Point-2f,178,0.9175257731958762,data/landmarks/train/03040_class1.npy
3041,3,Click-2f,87,0.9886363636363636,data/landmarks/train/03041_class3.npy
3042,0,Point-1f,200,1.0,data/landmarks/train/03042_class0.npy
3043,2,Click-1f,60,0.9836065573770492,data/landmarks/train/03043_class2.npy
3044,0,Point-1f,193,0.946078431372549,data/landmarks/train/03044_class0.npy
3045,7,Throw-right,81,0.8350515463917526,data/landmarks/train/03045_class7.npy
3046,0,Point-1f,177,0.8592233009708737,data/landmarks/train/03046_class0.npy
3047,10,DblClick-2f,100,0.6802721088435374,data/landmarks/train/03047_class10.npy
3048,1,Point-2f,198,0.9565217391304348,data/landmarks/train/03048_class1.npy
3049,5,Throw-down,88,1.0,data/landmarks/train/03049_class5.npy
3050,0,Point-1f,241,0.9757085020242915,data/landmarks/train/03050_class0.npy
3051,8,Open-twice,96,0.8347826086956521,data/landmarks/train/03051_class8.npy
3052,1,Point-2f,246,0.8754448398576512,data/landmarks/train/03052_class1.npy
3053,4,Throw-up,90,0.9473684210526315,data/landmarks/train/03053_class4.npy
3054,3,Click-2f,55,1.0,data/landmarks/train/03054_class3.npy
3055,1,Point-2f,191,1.0,data/landmarks/train/03055_class1.npy
3056,8,Open-twice,90,0.7758620689655172,data/landmarks/train/03056_class8.npy
3057,1,Point-2f,189,0.8957345971563981,data/landmarks/train/03057_class1.npy
3058,2,Click-1f,102,1.0,data/landmarks/train/03058_class2.npy
3059,1,Point-2f,186,0.9637305699481865,data/landmarks/train/03059_class1.npy
3060,7,Throw-right,70,0.9333333333333333,data/landmarks/train/03060_class7.npy
3061,1,Point-2f,216,0.927038626609442,data/landmarks/train/03061_class1.npy
3062,5,Throw-down,113,0.9912280701754386,data/landmarks/train/03062_class5.npy
3063,0,Point-1f,282,0.9245901639344263,data/landmarks/train/03063_class0.npy
3064,10,DblClick-2f,128,1.0,data/landmarks/train/03064_class10.npy
3065,0,Point-1f,247,0.9216417910447762,data/landmarks/train/03065_class0.npy
3066,9,DblClick-1f,56,0.9824561403508771,data/landmarks/train/03066_class9.npy
3067,0,Point-1f,304,0.8194070080862533,data/landmarks/train/03067_class0.npy
3068,4,Throw-up,15,1.0,data/landmarks/train/03068_class4.npy
3069,0,Point-1f,234,0.9105058365758755,data/landmarks/train/03069_class0.npy
3070,11,Zoom-in,120,1.0,data/landmarks/train/03070_class11.npy
3071,1,Point-2f,226,0.8593155893536122,data/landmarks/train/03071_class1.npy
3072,6,Throw-left,86,1.0,data/landmarks/train/03072_class6.npy
3073,0,Point-1f,137,0.8509316770186336,data/landmarks/train/03073_class0.npy
3074,12,Zoom-out,49,1.0,data/landmarks/train/03074_class12.npy
3075,9,DblClick-1f,48,0.7384615384615385,data/landmarks/train/03075_class9.npy
3076,1,Point-2f,182,0.8198198198198198,data/landmarks/train/03076_class1.npy
3077,6,Throw-left,59,0.5130434782608696,data/landmarks/train/03077_class6.npy
3078,1,Point-2f,149,0.7163461538461539,data/landmarks/train/03078_class1.npy
3079,3,Click-2f,64,0.7111111111111111,data/landmarks/train/03079_class3.npy
3080,0,Point-1f,191,0.6845878136200717,data/landmarks/train/03080_class0.npy
3081,7,Throw-right,59,0.5363636363636364,data/landmarks/train/03081_class7.npy
3082,0,Point-1f,160,0.7407407407407407,data/landmarks/train/03082_class0.npy
3083,11,Zoom-in,56,0.7887323943661971,data/landmarks/train/03083_class11.npy
3084,1,Point-2f,174,0.7219917012448133,data/landmarks/train/03084_class1.npy
3085,12,Zoom-out,63,0.525,data/landmarks/train/03085_class12.npy
3086,1,Point-2f,136,0.7311827956989247,data/landmarks/train/03086_class1.npy
3087,8,Open-twice,59,0.6781609195402298,data/landmarks/train/03087_class8.npy
3088,0,Point-1f,138,0.5948275862068966,data/landmarks/train/03088_class0.npy
3089,2,Click-1f,58,0.90625,data/landmarks/train/03089_class2.npy
3090,1,Point-2f,129,0.5286885245901639,data/landmarks/train/03090_class1.npy
3091,5,Throw-down,62,1.0,data/landmarks/train/03091_class5.npy
3092,0,Point-1f,205,0.68561872909699,data/landmarks/train/03092_class0.npy
3093,10,DblClick-2f,79,0.5524475524475524,data/landmarks/train/03093_class10.npy
3094,0,Point-1f,151,0.798941798941799,data/landmarks/train/03094_class0.npy
3095,4,Throw-up,49,0.875,data/landmarks/train/03095_class4.npy
3096,4,Throw-up,59,0.7564102564102564,data/landmarks/train/03096_class4.npy
3097,1,Point-2f,184,0.8401826484018264,data/landmarks/train/03097_class1.npy
3098,11,Zoom-in,53,0.5578947368421052,data/landmarks/train/03098_class11.npy
3099,1,Point-2f,178,0.8202764976958525,data/landmarks/train/03099_class1.npy
3100,7,Throw-right,46,0.40350877192982454,data/landmarks/train/03100_class7.npy
3101,0,Point-1f,180,0.8490566037735849,data/landmarks/train/03101_class0.npy
3102,8,Open-twice,96,1.0,data/landmarks/train/03102_class8.npy
3103,0,Point-1f,162,0.826530612244898,data/landmarks/train/03103_class0.npy
3104,2,Click-1f,55,0.4661016949152542,data/landmarks/train/03104_class2.npy
3105,0,Point-1f,140,0.8433734939759037,data/landmarks/train/03105_class0.npy
3106,3,Click-2f,34,0.4,data/landmarks/train/03106_class3.npy
3107,1,Point-2f,157,0.8870056497175142,data/landmarks/train/03107_class1.npy
3108,10,DblClick-2f,65,0.4482758620689655,data/landmarks/train/03108_class10.npy
3109,1,Point-2f,171,0.8221153846153846,data/landmarks/train/03109_class1.npy
3110,12,Zoom-out,127,0.7016574585635359,data/landmarks/train/03110_class12.npy
3111,1,Point-2f,188,0.8068669527896996,data/landmarks/train/03111_class1.npy
3112,9,DblClick-1f,63,0.8181818181818182,data/landmarks/train/03112_class9.npy
3113,0,Point-1f,217,0.9004149377593361,data/landmarks/train/03113_class0.npy
3114,5,Throw-down,106,0.9217391304347826,data/landmarks/train/03114_class5.npy
3115,0,Point-1f,174,0.8571428571428571,data/landmarks/train/03115_class0.npy
3116,6,Throw-left,62,0.9117647058823529,data/landmarks/train/03116_class6.npy
